label,sys,rep,ms,commits,aborts,giveup,eff,noop,txn_per_s,eff_per_s,upd_p50_us,upd_p95_us,upd_p99_us,ro_p50_us,ro_p99_us,bytes,ab_ww_pending,ab_ww_late,ab_chain_false,ab_ser_point,ab_ser_scan,ab_resource,ab_lock,ab_stm_read,casfail,growths,resv_atomics,epochs,check,flag,args,timestamp
check-SI-uniform,gtx,0,1.6261,65536,7248,0,153093,9775,40302267.4,94146652.6,196.61,789.50,1052.67,190.46,595.97,50810728,3315,3933,0,0,0,0,0,0,585,13726,193889,332,PASS,0,--V 65536 --N 65536 --K 4 --init 200000 --pins .4 --pdel .3 --pread .2 --ro .2 --roscan .1 --check 1,2026-09-28 15:34:24
check-SI-uniform,gtx-cons,0,1.3773,65536,12915,0,152843,10025,47583643.2,110974529.8,183.30,551.94,908.29,176.13,231.42,57104584,3319,3579,6017,0,0,0,0,0,631,16038,209559,352,PASS,0,--V 65536 --N 65536 --K 4 --init 200000 --pins .4 --pdel .3 --pread .2 --ro .2 --roscan .1 --check 1,2026-09-28 15:34:25
check-SER-uniform,gtx,0,1.4500,65536,9809,0,153979,8889,45197741.5,106193588.9,206.85,591.87,908.29,199.68,260.10,52660304,3811,4913,0,1085,0,0,0,0,528,14509,201302,121,PASS,0,--V 65536 --N 65536 --K 4 --init 200000 --pins .4 --pdel .3 --pread .2 --ro .2 --roscan .1 --check 1 --ser 1,2026-09-28 15:34:26
check-SER-uniform,gtx-cons,0,1.5841,65536,15595,0,153630,9238,41371231.2,96982761.4,203.78,646.14,1086.46,191.49,252.93,58781864,3824,4228,6588,955,0,0,0,0,570,16747,216788,125,PASS,0,--V 65536 --N 65536 --K 4 --init 200000 --pins .4 --pdel .3 --pread .2 --ro .2 --roscan .1 --check 1 --ser 1,2026-09-28 15:34:27
check-SER-uniform,2pl,0,2.9409,65536,0,0,151384,11484,22284122.7,51474908.9,516.10,1601.54,1833.98,385.02,1797.12,20797760,0,0,0,0,0,0,0,0,6185439,0,0,0,PASS,0,--V 65536 --N 65536 --K 4 --init 200000 --pins .4 --pdel .3 --pread .2 --ro .2 --roscan .1 --check 1 --ser 1,2026-09-28 15:34:27
check-SER-uniform,stm,0,7.7875,65536,260437,0,150584,12284,8415516.2,19336579.7,2343.94,6402.05,7131.14,536.58,6048.77,20797760,0,0,0,0,0,0,25629,234808,25629,0,0,0,PASS,0,--V 65536 --N 65536 --K 4 --init 200000 --pins .4 --pdel .3 --pread .2 --ro .2 --roscan .1 --check 1 --ser 1,2026-09-28 15:34:28
check-SER-uniform,stm-nodeg,0,1.9999,65536,34344,0,152562,10306,32770097.8,76285883.5,464.90,1295.36,1640.45,305.15,1734.66,20797760,0,0,0,0,0,0,103,34241,103,0,0,0,PASS,0,--V 65536 --N 65536 --K 4 --init 200000 --pins .4 --pdel .3 --pread .2 --ro .2 --roscan .1 --check 1 --ser 1,2026-09-28 15:34:29
check-SI-hub50,gtx,0,91.8405,65536,37855,0,118668,44316,713584.8,1292109.5,9496.58,42448.90,55938.05,9744.38,44962.82,39692152,30664,7191,0,0,0,0,0,0,102,9992,181814,33369,PASS,0,--V 65536 --N 65536 --K 4 --init 200000 --src hub --hub 0.5 --pins .4 --pdel .3 --pread .2 --ro .2 --roscan .1 --check 1,2026-09-28 15:35:16
check-SI-hub50,gtx-cons,0,99.0085,65536,40990,0,118754,44230,661922.9,1199432.2,10053.63,45086.72,60096.51,9106.43,45838.34,41140656,27079,6722,7189,0,0,0,0,0,81,10697,264743,37335,PASS,0,--V 65536 --N 65536 --K 4 --init 200000 --src hub --hub 0.5 --pins .4 --pdel .3 --pread .2 --ro .2 --roscan .1 --check 1,2026-09-28 15:36:00
check-SER-hub50,gtx,0,91.7852,65536,44904,0,119857,43127,714014.8,1305842.1,9350.14,45200.38,59238.40,8593.41,45859.84,41180608,29318,7274,0,8312,0,0,0,0,117,10536,195809,17295,PASS,0,--V 65536 --N 65536 --K 4 --init 200000 --src hub --hub 0.5 --pins .4 --pdel .3 --pread .2 --ro .2 --roscan .1 --check 1 --ser 1,2026-09-28 15:36:44
check-SER-hub50,gtx-cons,0,101.8071,65536,50795,0,119762,43222,643727.2,1176361.9,9815.04,47183.87,61931.52,9108.48,44170.24,43087040,28594,6744,7087,8370,0,0,0,0,106,11247,287296,22273,PASS,0,--V 65536 --N 65536 --K 4 --init 200000 --src hub --hub 0.5 --pins .4 --pdel .3 --pread .2 --ro .2 --roscan .1 --check 1 --ser 1,2026-09-28 15:37:28
check-SER-hub50,2pl,0,5458.5376,65536,0,0,117960,45024,12006.1,21610.2,1435713.54,5345311.74,5442210.82,4357097.47,5381799.94,20875648,0,0,0,0,0,0,0,0,3710007273,0,0,0,PASS,0,--V 65536 --N 65536 --K 4 --init 200000 --src hub --hub 0.5 --pins .4 --pdel .3 --pread .2 --ro .2 --roscan .1 --check 1 --ser 1,2026-09-28 15:38:31
check-SER-hub50,stm,0,1310.9463,40264,104902584,25272,51467,28291,30713.7,39259.4,562.18,17299.46,552013.82,208.90,1106111.49,20875648,0,0,0,0,0,0,782463,104120121,782463,0,0,0,PASS,0,--V 65536 --N 65536 --K 4 --init 200000 --src hub --hub 0.5 --pins .4 --pdel .3 --pread .2 --ro .2 --roscan .1 --check 1 --ser 1,2026-09-28 15:39:08
check-SER-hub50,stm-nodeg,0,932.4390,65536,55664,0,119154,43830,70284.5,127787.4,347.14,1130.50,1419.26,220.16,652906.50,20875648,0,0,0,0,0,0,298,55366,298,0,0,0,PASS,0,--V 65536 --N 65536 --K 4 --init 200000 --src hub --hub 0.5 --pins .4 --pdel .3 --pread .2 --ro .2 --roscan .1 --check 1 --ser 1,2026-09-28 15:40:03
check-SI-zipf,gtx,0,9.4331,65536,10566,0,149270,13598,6947459.6,15824085.9,470.02,3349.50,4974.59,482.30,4512.77,51242856,6453,4113,0,0,0,0,0,0,310,9406,183416,3495,PASS,0,--V 65536 --N 65536 --K 4 --init 200000 --src zipf --zipf 1.0 --pins .4 --pdel .3 --pread .2 --ro .2 --roscan .1 --check 1,2026-09-28 15:40:07
check-SI-zipf,gtx-cons,0,11.2005,65536,18090,0,149059,13809,5851161.1,13308231.0,435.20,3767.30,5533.70,405.50,4540.42,53947752,6423,3627,8040,0,0,0,0,0,296,9631,213508,3954,PASS,0,--V 65536 --N 65536 --K 4 --init 200000 --src zipf --zipf 1.0 --pins .4 --pdel .3 --pread .2 --ro .2 --roscan .1 --check 1,2026-09-28 15:40:11
check-SER-zipf,gtx,0,10.9752,65536,12245,0,150005,12863,5971263.2,13667592.5,738.30,4213.76,5834.75,721.92,5217.28,51452288,6579,4503,0,1163,0,0,0,0,280,9483,187551,1352,PASS,0,--V 65536 --N 65536 --K 4 --init 200000 --src zipf --zipf 1.0 --pins .4 --pdel .3 --pread .2 --ro .2 --roscan .1 --check 1 --ser 1,2026-09-28 15:40:15
check-SER-zipf,gtx-cons,0,11.7740,65536,19371,0,149667,13201,5566185.6,12711705.1,709.63,4640.77,6311.94,652.29,5097.47,54336696,6231,3955,8136,1049,0,0,0,0,275,9669,216724,1562,PASS,0,--V 65536 --N 65536 --K 4 --init 200000 --src zipf --zipf 1.0 --pins .4 --pdel .3 --pread .2 --ro .2 --roscan .1 --check 1 --ser 1,2026-09-28 15:40:19
check-SER-zipf,2pl,0,7156.5649,65536,0,0,146758,16110,9157.5,20506.8,1770357.76,7123035.14,7148212.22,2104321.02,7066578.94,22146464,0,0,0,0,0,0,0,0,2598552810,0,0,0,PASS,0,--V 65536 --N 65536 --K 4 --init 200000 --src zipf --zipf 1.0 --pins .4 --pdel .3 --pread .2 --ro .2 --roscan .1 --check 1 --ser 1,2026-09-28 15:40:38
check-SER-zipf,stm,0,904.7583,45571,107858031,19965,83478,11987,50368.1,92265.5,24208.38,519488.51,638625.79,282.62,802682.88,22146464,0,0,0,0,0,0,1297921,106560110,1297921,0,0,0,PASS,0,--V 65536 --N 65536 --K 4 --init 200000 --src zipf --zipf 1.0 --pins .4 --pdel .3 --pread .2 --ro .2 --roscan .1 --check 1 --ser 1,2026-09-28 15:40:43
check-SER-zipf,stm-nodeg,0,222.1087,65536,49332,0,149191,13677,295062.8,671702.7,928.77,2458.62,2903.04,751.62,129079.30,22146464,0,0,0,0,0,0,184,49148,184,0,0,0,PASS,0,--V 65536 --N 65536 --K 4 --init 200000 --src zipf --zipf 1.0 --pins .4 --pdel .3 --pread .2 --ro .2 --roscan .1 --check 1 --ser 1,2026-09-28 15:40:50
uniform-ins-K1,gtx,0,5.7805,1048576,0,0,1048572,4,181399471.4,181398779.5,77.82,101.38,452.61,0.00,0.00,524445312,0,0,0,0,0,0,0,0,271,56787,1105456,449,-,0,--V 1048576 --N 1048576 --K 1 --init 4000000 --pins 1,2026-09-28 15:42:19
uniform-ins-K1,gtx,1,6.3427,1048576,0,0,1048572,4,165321275.1,165320644.5,77.82,105.47,630.78,0.00,0.00,524445312,0,0,0,0,0,0,0,0,275,56787,1105456,447,-,0,--V 1048576 --N 1048576 --K 1 --init 4000000 --pins 1,2026-09-28 15:42:19
uniform-ins-K1,gtx,2,5.3637,1048576,0,0,1048572,4,195494469.6,195493723.8,76.80,98.30,110.59,0.00,0.00,524445312,0,0,0,0,0,0,0,0,274,56787,1105450,452,-,0,--V 1048576 --N 1048576 --K 1 --init 4000000 --pins 1,2026-09-28 15:42:19
uniform-ins-K1,gtx,3,5.7600,1048576,0,0,1048572,4,182044437.2,182043742.8,77.82,101.38,449.54,0.00,0.00,524445312,0,0,0,0,0,0,0,0,275,56787,1105452,447,-,0,--V 1048576 --N 1048576 --K 1 --init 4000000 --pins 1,2026-09-28 15:42:19
uniform-ins-K1,gtx,4,5.9484,1048576,0,0,1048572,4,176278182.1,176277509.7,77.82,101.38,628.74,0.00,0.00,524445312,0,0,0,0,0,0,0,0,277,56787,1105457,447,-,0,--V 1048576 --N 1048576 --K 1 --init 4000000 --pins 1,2026-09-28 15:42:19
uniform-ins-K1,gtx-cons,0,5.8102,1048576,1719,0,1048572,4,180472333.2,180471644.7,77.82,101.38,448.51,0.00,0.00,527940560,0,0,1719,0,0,0,0,0,276,57458,1107866,453,-,0,--V 1048576 --N 1048576 --K 1 --init 4000000 --pins 1,2026-09-28 15:42:22
uniform-ins-K1,gtx-cons,1,5.9935,1048576,1709,0,1048572,4,174953012.6,174952345.3,77.82,101.38,631.81,0.00,0.00,527965952,0,0,1709,0,0,0,0,0,264,57474,1107874,450,-,0,--V 1048576 --N 1048576 --K 1 --init 4000000 --pins 1,2026-09-28 15:42:22
uniform-ins-K1,gtx-cons,2,5.4077,1048576,1715,0,1048572,4,193904963.5,193904223.9,76.80,99.33,113.66,0.00,0.00,527914408,0,0,1715,0,0,0,0,0,281,57436,1107844,449,-,0,--V 1048576 --N 1048576 --K 1 --init 4000000 --pins 1,2026-09-28 15:42:22
uniform-ins-K1,gtx-cons,3,5.9924,1048576,1712,0,1048572,4,174982916.1,174982248.6,77.82,102.40,625.66,0.00,0.00,527943184,0,0,1712,0,0,0,0,0,272,57459,1107867,446,-,0,--V 1048576 --N 1048576 --K 1 --init 4000000 --pins 1,2026-09-28 15:42:22
uniform-ins-K1,gtx-cons,4,6.3775,1048576,1723,0,1048572,4,164418756.0,164418128.8,77.82,105.47,621.57,0.00,0.00,527891216,0,0,1723,0,0,0,0,0,271,57445,1107862,450,-,0,--V 1048576 --N 1048576 --K 1 --init 4000000 --pins 1,2026-09-28 15:42:22
uniform-ins-K1,2pl,0,3.0341,1048576,0,0,1048572,4,345595682.7,345594364.4,62.46,124.93,152.58,0.00,0.00,84372352,0,0,0,0,0,0,0,0,29856,0,0,0,-,0,--V 1048576 --N 1048576 --K 1 --init 4000000 --pins 1,2026-09-28 15:42:24
uniform-ins-K1,2pl,1,3.6956,1048576,0,0,1048572,4,283735106.2,283734023.8,63.49,140.29,666.62,0.00,0.00,84372352,0,0,0,0,0,0,0,0,29665,0,0,0,-,0,--V 1048576 --N 1048576 --K 1 --init 4000000 --pins 1,2026-09-28 15:42:24
uniform-ins-K1,2pl,2,3.4888,1048576,0,0,1048572,4,300557666.7,300556520.2,62.46,138.24,471.04,0.00,0.00,84372352,0,0,0,0,0,0,0,0,29860,0,0,0,-,0,--V 1048576 --N 1048576 --K 1 --init 4000000 --pins 1,2026-09-28 15:42:24
uniform-ins-K1,2pl,3,3.0546,1048576,0,0,1048572,4,343278590.5,343277281.0,61.44,124.93,153.60,0.00,0.00,84372352,0,0,0,0,0,0,0,0,29822,0,0,0,-,0,--V 1048576 --N 1048576 --K 1 --init 4000000 --pins 1,2026-09-28 15:42:24
uniform-ins-K1,2pl,4,3.0280,1048576,0,0,1048572,4,346296930.6,346295609.6,61.44,125.95,153.60,0.00,0.00,84372352,0,0,0,0,0,0,0,0,29571,0,0,0,-,0,--V 1048576 --N 1048576 --K 1 --init 4000000 --pins 1,2026-09-28 15:42:24
uniform-ins-K1,stm,0,6.1932,1048576,38857,0,1048572,4,169312170.7,169311524.8,126.98,288.77,453.63,0.00,0.00,84372352,0,0,0,0,0,0,3,38854,3,0,0,0,-,0,--V 1048576 --N 1048576 --K 1 --init 4000000 --pins 1,2026-09-28 15:42:26
uniform-ins-K1,stm,1,6.6028,1048576,38672,0,1048572,4,158808928.0,158808322.2,128.00,350.21,592.90,0.00,0.00,84372352,0,0,0,0,0,0,5,38667,5,0,0,0,-,0,--V 1048576 --N 1048576 --K 1 --init 4000000 --pins 1,2026-09-28 15:42:26
uniform-ins-K1,stm,2,7.2274,1048576,38868,0,1048572,4,145083589.1,145083035.7,129.02,509.95,785.41,0.00,0.00,84372352,0,0,0,0,0,0,6,38862,6,0,0,0,-,0,--V 1048576 --N 1048576 --K 1 --init 4000000 --pins 1,2026-09-28 15:42:26
uniform-ins-K1,stm,3,6.8260,1048576,38888,0,1048572,4,153615361.5,153614775.5,129.02,350.21,768.00,0.00,0.00,84372352,0,0,0,0,0,0,6,38882,6,0,0,0,-,0,--V 1048576 --N 1048576 --K 1 --init 4000000 --pins 1,2026-09-28 15:42:26
uniform-ins-K1,stm,4,6.1972,1048576,38992,0,1048572,4,169200264.9,169199619.4,126.98,288.77,456.70,0.00,0.00,84372352,0,0,0,0,0,0,9,38983,9,0,0,0,-,0,--V 1048576 --N 1048576 --K 1 --init 4000000 --pins 1,2026-09-28 15:42:26
uniform-ins-K1,stm-nodeg,0,3.9721,1048576,8142,0,1048572,4,263985565.5,263984558.5,79.87,169.98,268.29,0.00,0.00,84372352,0,0,0,0,0,0,1,8141,1,0,0,0,-,0,--V 1048576 --N 1048576 --K 1 --init 4000000 --pins 1,2026-09-28 15:42:28
uniform-ins-K1,stm-nodeg,1,3.9629,1048576,8028,0,1048572,4,264599490.1,264598480.8,79.87,168.96,266.24,0.00,0.00,84372352,0,0,0,0,0,0,0,8028,0,0,0,0,-,0,--V 1048576 --N 1048576 --K 1 --init 4000000 --pins 1,2026-09-28 15:42:28
uniform-ins-K1,stm-nodeg,2,3.9598,1048576,8128,0,1048572,4,264804750.8,264803740.6,79.87,168.96,267.26,0.00,0.00,84372352,0,0,0,0,0,0,2,8126,2,0,0,0,-,0,--V 1048576 --N 1048576 --K 1 --init 4000000 --pins 1,2026-09-28 15:42:28
uniform-ins-K1,stm-nodeg,3,4.5865,1048576,8193,0,1048572,4,228622466.5,228621594.4,80.90,205.82,683.01,0.00,0.00,84372352,0,0,0,0,0,0,1,8192,1,0,0,0,-,0,--V 1048576 --N 1048576 --K 1 --init 4000000 --pins 1,2026-09-28 15:42:28
uniform-ins-K1,stm-nodeg,4,3.9629,1048576,8172,0,1048572,4,264599490.1,264598480.8,79.87,169.98,267.26,0.00,0.00,84372352,0,0,0,0,0,0,0,8172,0,0,0,0,-,0,--V 1048576 --N 1048576 --K 1 --init 4000000 --pins 1,2026-09-28 15:42:28
uniform-ins-K1,nontx,0,2.9440,1048576,0,0,1048572,4,356173912.4,356172553.7,44.03,88.06,624.64,0.00,0.00,84372352,0,0,0,0,0,0,0,0,0,0,0,0,-,0,--V 1048576 --N 1048576 --K 1 --init 4000000 --pins 1,2026-09-28 15:42:30
uniform-ins-K1,nontx,1,2.3460,1048576,0,0,1048572,4,446966393.6,446964688.6,43.01,79.87,101.38,0.00,0.00,84372352,0,0,0,0,0,0,0,0,0,0,0,0,-,0,--V 1048576 --N 1048576 --K 1 --init 4000000 --pins 1,2026-09-28 15:42:30
uniform-ins-K1,nontx,2,2.3398,1048576,0,0,1048572,4,448140056.2,448138346.6,43.01,79.87,102.40,0.00,0.00,84372352,0,0,0,0,0,0,0,0,0,0,0,0,-,0,--V 1048576 --N 1048576 --K 1 --init 4000000 --pins 1,2026-09-28 15:42:30
uniform-ins-K1,nontx,3,2.3460,1048576,0,0,1048572,4,446966393.6,446964688.6,43.01,79.87,102.40,0.00,0.00,84372352,0,0,0,0,0,0,0,0,0,0,0,0,-,0,--V 1048576 --N 1048576 --K 1 --init 4000000 --pins 1,2026-09-28 15:42:30
uniform-ins-K1,nontx,4,2.3511,1048576,0,0,1048572,4,445993027.4,445991326.0,43.01,79.87,102.40,0.00,0.00,84372352,0,0,0,0,0,0,0,0,0,0,0,0,-,0,--V 1048576 --N 1048576 --K 1 --init 4000000 --pins 1,2026-09-28 15:42:30
hub50-ins-K1,gtx,0,4.3366,1048576,503,0,585770,462806,241794575.7,135074623.7,61.44,78.85,96.26,0.00,0.00,438134688,141,362,0,0,0,0,0,0,359,62414,620275,673,-,0,--V 1048576 --N 1048576 --K 1 --init 4000000 --src hub --hub 0.5 --pins 1,2026-09-28 15:42:33
hub50-ins-K1,gtx,1,4.3500,1048576,506,0,585770,462806,241054601.7,134661249.2,61.44,79.87,94.21,0.00,0.00,438134712,141,365,0,0,0,0,0,0,368,62414,620283,676,-,0,--V 1048576 --N 1048576 --K 1 --init 4000000 --src hub --hub 0.5 --pins 1,2026-09-28 15:42:33
hub50-ins-K1,gtx,2,4.6961,1048576,504,0,585770,462806,223288268.9,124736375.1,61.44,79.87,434.18,0.00,0.00,438134696,128,376,0,0,0,0,0,0,350,62414,620280,680,-,0,--V 1048576 --N 1048576 --K 1 --init 4000000 --src hub --hub 0.5 --pins 1,2026-09-28 15:42:33
hub50-ins-K1,gtx,3,4.3131,1048576,512,0,585770,462806,243114913.2,135812208.8,60.42,78.85,93.18,0.00,0.00,438134760,143,369,0,0,0,0,0,0,359,62414,620283,670,-,0,--V 1048576 --N 1048576 --K 1 --init 4000000 --src hub --hub 0.5 --pins 1,2026-09-28 15:42:33
hub50-ins-K1,gtx,4,4.3592,1048576,500,0,585770,462806,240544981.8,134376558.3,61.44,79.87,94.21,0.00,0.00,438134664,139,361,0,0,0,0,0,0,366,62414,620279,682,-,0,--V 1048576 --N 1048576 --K 1 --init 4000000 --src hub --hub 0.5 --pins 1,2026-09-28 15:42:33
hub50-ins-K1,gtx-cons,0,4.7063,1048576,1152,0,585770,462806,222802433.4,124464971.0,66.56,86.02,115.71,0.00,0.00,438472848,136,386,630,0,0,0,0,0,349,62464,1112243,593,-,0,--V 1048576 --N 1048576 --K 1 --init 4000000 --src hub --hub 0.5 --pins 1,2026-09-28 15:42:35
hub50-ins-K1,gtx-cons,1,4.6674,1048576,1168,0,585770,462806,224659949.3,125502642.2,65.54,84.99,116.74,0.00,0.00,438495184,144,365,659,0,0,0,0,0,346,62475,1112264,585,-,0,--V 1048576 --N 1048576 --K 1 --init 4000000 --src hub --hub 0.5 --pins 1,2026-09-28 15:42:35
hub50-ins-K1,gtx-cons,2,4.6715,1048576,1169,0,585770,462806,224462964.1,125392599.5,65.54,84.99,117.76,0.00,0.00,438471272,139,381,649,0,0,0,0,0,356,62464,1112257,589,-,0,--V 1048576 --N 1048576 --K 1 --init 4000000 --src hub --hub 0.5 --pins 1,2026-09-28 15:42:35
hub50-ins-K1,gtx-cons,3,4.6479,1048576,1167,0,585770,462806,225600358.9,126027986.8,65.54,83.97,116.74,0.00,0.00,438481816,137,389,641,0,0,0,0,0,351,62468,1112256,582,-,0,--V 1048576 --N 1048576 --K 1 --init 4000000 --src hub --hub 0.5 --pins 1,2026-09-28 15:42:35
hub50-ins-K1,gtx-cons,4,4.6643,1048576,1157,0,585770,462806,224807903.8,125585294.5,65.54,84.99,116.74,0.00,0.00,438483456,136,384,637,0,0,0,0,0,353,62470,1112251,587,-,0,--V 1048576 --N 1048576 --K 1 --init 4000000 --src hub --hub 0.5 --pins 1,2026-09-28 15:42:35
hub50-ins-K1,2pl,-1,DNF>90000,,,,,,,,,,,,,,,,,,,,,,,,,,,,--V 1048576 --N 1048576 --K 1 --init 4000000 --src hub --hub 0.5 --pins 1,2026-09-28 15:44:05
hub50-ins-K1,stm,0,475.1954,975052,301963074,73524,527931,447121,2051896.9,1110976.7,92.16,275.46,705.54,0.00,0.00,82993152,0,0,0,0,0,0,4788972,297174102,4788972,0,0,0,-,0,--V 1048576 --N 1048576 --K 1 --init 4000000 --src hub --hub 0.5 --pins 1,2026-09-28 15:44:10
hub50-ins-K1,stm,1,490.2584,974929,302108333,73647,527816,447113,1988602.2,1076607.7,93.18,237.57,540.67,0.00,0.00,82993152,0,0,0,0,0,0,4826966,297281367,4826966,0,0,0,-,0,--V 1048576 --N 1048576 --K 1 --init 4000000 --src hub --hub 0.5 --pins 1,2026-09-28 15:44:10
hub50-ins-K1,stm,2,512.9953,974961,302095874,73615,527855,447106,1900526.2,1028966.5,94.21,249.86,567.30,0.00,0.00,82993152,0,0,0,0,0,0,4839144,297256730,4839144,0,0,0,-,0,--V 1048576 --N 1048576 --K 1 --init 4000000 --src hub --hub 0.5 --pins 1,2026-09-28 15:44:10
hub50-ins-K1,stm,3,529.9128,974952,302057846,73624,527849,447103,1839834.6,996105.3,98.30,273.41,617.47,0.00,0.00,82993152,0,0,0,0,0,0,4780562,297277284,4780562,0,0,0,-,0,--V 1048576 --N 1048576 --K 1 --init 4000000 --src hub --hub 0.5 --pins 1,2026-09-28 15:44:10
hub50-ins-K1,stm,4,533.7610,974896,302231700,73680,527828,447068,1826465.2,988884.5,99.33,264.19,608.26,0.00,0.00,82993152,0,0,0,0,0,0,4880488,297351212,4880488,0,0,0,-,0,--V 1048576 --N 1048576 --K 1 --init 4000000 --src hub --hub 0.5 --pins 1,2026-09-28 15:44:10
hub50-ins-K1,stm-nodeg,0,3.3096,1048576,4141,0,585770,462806,316831690.0,176992892.3,64.51,144.38,229.38,0.00,0.00,82993152,0,0,0,0,0,0,0,4141,0,0,0,0,-,0,--V 1048576 --N 1048576 --K 1 --init 4000000 --src hub --hub 0.5 --pins 1,2026-09-28 15:44:12
hub50-ins-K1,stm-nodeg,1,4.2619,1048576,4164,0,585770,462806,246035558.3,137443779.9,65.54,269.31,655.36,0.00,0.00,82993152,0,0,0,0,0,0,0,4164,0,0,0,0,-,0,--V 1048576 --N 1048576 --K 1 --init 4000000 --src hub --hub 0.5 --pins 1,2026-09-28 15:44:12
hub50-ins-K1,stm-nodeg,2,3.3106,1048576,4128,0,585770,462806,316733690.0,176938146.2,64.51,145.41,229.38,0.00,0.00,82993152,0,0,0,0,0,0,0,4128,0,0,0,0,-,0,--V 1048576 --N 1048576 --K 1 --init 4000000 --src hub --hub 0.5 --pins 1,2026-09-28 15:44:12
hub50-ins-K1,stm-nodeg,3,3.3126,1048576,4144,0,585770,462806,316537871.7,176828755.5,64.51,144.38,229.38,0.00,0.00,82993152,0,0,0,0,0,0,0,4144,0,0,0,0,-,0,--V 1048576 --N 1048576 --K 1 --init 4000000 --src hub --hub 0.5 --pins 1,2026-09-28 15:44:12
hub50-ins-K1,stm-nodeg,4,3.8646,1048576,4069,0,585770,462806,271330146.6,151574192.0,65.54,172.03,650.24,0.00,0.00,82993152,0,0,0,0,0,0,0,4069,0,0,0,0,-,0,--V 1048576 --N 1048576 --K 1 --init 4000000 --src hub --hub 0.5 --pins 1,2026-09-28 15:44:12
hub50-ins-K1,nontx,0,1.9671,1048576,0,0,585770,462806,533055711.5,297782940.0,32.77,63.49,84.99,0.00,0.00,82993152,0,0,0,0,0,0,0,0,0,0,0,0,-,0,--V 1048576 --N 1048576 --K 1 --init 4000000 --src hub --hub 0.5 --pins 1,2026-09-28 15:44:13
hub50-ins-K1,nontx,1,1.9661,1048576,0,0,585770,462806,533333346.8,297938036.5,32.77,64.51,86.02,0.00,0.00,82993152,0,0,0,0,0,0,0,0,0,0,0,0,-,0,--V 1048576 --N 1048576 --K 1 --init 4000000 --src hub --hub 0.5 --pins 1,2026-09-28 15:44:13
hub50-ins-K1,nontx,2,1.9722,1048576,0,0,585770,462806,531671859.6,297009873.6,32.77,64.51,83.97,0.00,0.00,82993152,0,0,0,0,0,0,0,0,0,0,0,0,-,0,--V 1048576 --N 1048576 --K 1 --init 4000000 --src hub --hub 0.5 --pins 1,2026-09-28 15:44:13
hub50-ins-K1,nontx,3,1.9692,1048576,0,0,585770,462806,532501307.2,297473231.0,32.77,64.51,83.97,0.00,0.00,82993152,0,0,0,0,0,0,0,0,0,0,0,0,-,0,--V 1048576 --N 1048576 --K 1 --init 4000000 --src hub --hub 0.5 --pins 1,2026-09-28 15:44:13
hub50-ins-K1,nontx,4,1.9630,1048576,0,0,585770,462806,534167958.2,298404278.7,32.77,64.51,83.97,0.00,0.00,82993152,0,0,0,0,0,0,0,0,0,0,0,0,-,0,--V 1048576 --N 1048576 --K 1 --init 4000000 --src hub --hub 0.5 --pins 1,2026-09-28 15:44:13
uniform-ins-K2,gtx,0,5.3268,524288,0,0,1048571,5,98423682.6,196846426.6,152.58,188.42,202.75,0.00,0.00,520729376,0,0,0,0,0,0,0,0,309,56940,1105647,410,-,0,--V 1048576 --N 524288 --K 2 --init 4000000 --pins 1,2026-09-28 15:44:16
uniform-ins-K2,gtx,1,6.3396,524288,0,0,1048571,5,82700696.2,165400603.7,155.65,525.31,729.09,0.00,0.00,520729376,0,0,0,0,0,0,0,0,320,56940,1105644,416,-,0,--V 1048576 --N 524288 --K 2 --init 4000000 --pins 1,2026-09-28 15:44:16
uniform-ins-K2,gtx,2,6.3027,524288,0,0,1048571,5,83184402.0,166368010.7,154.62,529.41,727.04,0.00,0.00,520729376,0,0,0,0,0,0,0,0,320,56940,1105640,411,-,0,--V 1048576 --N 524288 --K 2 --init 4000000 --pins 1,2026-09-28 15:44:16
uniform-ins-K2,gtx,3,5.7508,524288,0,0,1048571,5,91168092.4,182335315.4,154.62,196.61,550.91,0.00,0.00,520729376,0,0,0,0,0,0,0,0,307,56940,1105647,412,-,0,--V 1048576 --N 524288 --K 2 --init 4000000 --pins 1,2026-09-28 15:44:16
uniform-ins-K2,gtx,4,6.2894,524288,0,0,1048571,5,83360466.2,166720137.3,155.65,518.14,715.78,0.00,0.00,520729376,0,0,0,0,0,0,0,0,303,56940,1105651,415,-,0,--V 1048576 --N 524288 --K 2 --init 4000000 --pins 1,2026-09-28 15:44:16
uniform-ins-K2,gtx-cons,0,5.8081,524288,3394,0,1048571,5,90267984.9,180535109.0,154.62,199.68,550.91,0.00,0.00,525534544,0,0,3394,0,0,0,0,0,303,58174,1112399,423,-,0,--V 1048576 --N 524288 --K 2 --init 4000000 --pins 1,2026-09-28 15:44:18
uniform-ins-K2,gtx-cons,1,6.3672,524288,3398,0,1048571,5,82341590.9,164682396.6,154.62,521.22,724.99,0.00,0.00,525513232,0,0,3398,0,0,0,0,0,287,58166,1112411,433,-,0,--V 1048576 --N 524288 --K 2 --init 4000000 --pins 1,2026-09-28 15:44:18
uniform-ins-K2,gtx-cons,2,6.3642,524288,3395,0,1048571,5,82381334.7,164761883.7,154.62,521.22,719.87,0.00,0.00,525541736,0,0,3395,0,0,0,0,0,295,58167,1112390,423,-,0,--V 1048576 --N 524288 --K 2 --init 4000000 --pins 1,2026-09-28 15:44:18
uniform-ins-K2,gtx-cons,3,6.3990,524288,3394,0,1048571,5,81933111.2,163865441.1,155.65,527.36,728.06,0.00,0.00,525496872,0,0,3394,0,0,0,0,0,287,58150,1112377,426,-,0,--V 1048576 --N 524288 --K 2 --init 4000000 --pins 1,2026-09-28 15:44:18
uniform-ins-K2,gtx-cons,4,6.3436,524288,3383,0,1048571,5,82647713.7,165294639.2,154.62,345.09,727.04,0.00,0.00,525532176,0,0,3383,0,0,0,0,0,295,58176,1112413,425,-,0,--V 1048576 --N 524288 --K 2 --init 4000000 --pins 1,2026-09-28 15:44:18
uniform-ins-K2,2pl,0,3.1181,524288,0,0,1048571,5,168144504.5,336287405.5,132.10,251.90,348.16,0.00,0.00,84373280,0,0,0,0,0,0,0,0,84701,0,0,0,-,0,--V 1048576 --N 524288 --K 2 --init 4000000 --pins 1,2026-09-28 15:44:20
uniform-ins-K2,2pl,1,3.1365,524288,0,0,1048571,5,167156380.4,334311166.8,133.12,252.93,348.16,0.00,0.00,84373280,0,0,0,0,0,0,0,0,84361,0,0,0,-,0,--V 1048576 --N 524288 --K 2 --init 4000000 --pins 1,2026-09-28 15:44:20
uniform-ins-K2,2pl,2,3.1508,524288,0,0,1048571,5,166395844.8,332790102.6,132.10,251.90,347.14,0.00,0.00,84373280,0,0,0,0,0,0,0,0,84851,0,0,0,-,0,--V 1048576 --N 524288 --K 2 --init 4000000 --pins 1,2026-09-28 15:44:20
uniform-ins-K2,2pl,3,3.1611,524288,0,0,1048571,5,165856819.5,331712057.2,132.10,251.90,346.11,0.00,0.00,84373280,0,0,0,0,0,0,0,0,84160,0,0,0,-,0,--V 1048576 --N 524288 --K 2 --init 4000000 --pins 1,2026-09-28 15:44:20
uniform-ins-K2,2pl,4,3.1416,524288,0,0,1048571,5,166883959.2,333766327.0,133.12,252.93,351.23,0.00,0.00,84373280,0,0,0,0,0,0,0,0,85019,0,0,0,-,0,--V 1048576 --N 524288 --K 2 --init 4000000 --pins 1,2026-09-28 15:44:20
uniform-ins-K2,stm,0,8.4009,524288,93596,0,1048571,5,62408580.6,124816566.1,324.61,887.81,1422.34,0.00,0.00,84373280,0,0,0,0,0,0,339,93257,339,0,0,0,-,0,--V 1048576 --N 524288 --K 2 --init 4000000 --pins 1,2026-09-28 15:44:22
uniform-ins-K2,stm,1,7.9974,524288,93494,0,1048571,5,65556979.4,131113333.5,320.51,831.49,1341.44,0.00,0.00,84373280,0,0,0,0,0,0,337,93157,337,0,0,0,-,0,--V 1048576 --N 524288 --K 2 --init 4000000 --pins 1,2026-09-28 15:44:22
uniform-ins-K2,stm,2,9.0194,524288,93677,0,1048571,5,58128973.6,116257392.8,331.78,1070.08,1630.21,0.00,0.00,84373280,0,0,0,0,0,0,338,93339,338,0,0,0,-,0,--V 1048576 --N 524288 --K 2 --init 4000000 --pins 1,2026-09-28 15:44:22
uniform-ins-K2,stm,3,9.0266,524288,93851,0,1048571,5,58082814.5,116165075.0,333.82,1030.14,1588.22,0.00,0.00,84373280,0,0,0,0,0,0,388,93463,388,0,0,0,-,0,--V 1048576 --N 524288 --K 2 --init 4000000 --pins 1,2026-09-28 15:44:22
uniform-ins-K2,stm,4,7.9452,524288,93337,0,1048571,5,65987883.6,131975137.8,319.49,827.39,1334.27,0.00,0.00,84373280,0,0,0,0,0,0,363,92974,363,0,0,0,-,0,--V 1048576 --N 524288 --K 2 --init 4000000 --pins 1,2026-09-28 15:44:22
uniform-ins-K2,stm-nodeg,0,4.3233,524288,18060,0,1048571,5,121269540.0,242537923.5,179.20,382.98,596.99,0.00,0.00,84373280,0,0,0,0,0,0,5,18055,5,0,0,0,-,0,--V 1048576 --N 524288 --K 2 --init 4000000 --pins 1,2026-09-28 15:44:24
uniform-ins-K2,stm-nodeg,1,5.3473,524288,18109,0,1048571,5,98046722.0,196092508.9,185.34,748.54,971.78,0.00,0.00,84373280,0,0,0,0,0,0,2,18107,2,0,0,0,-,0,--V 1048576 --N 524288 --K 2 --init 4000000 --pins 1,2026-09-28 15:44:24
uniform-ins-K2,stm-nodeg,2,5.3473,524288,18204,0,1048571,5,98046722.0,196092508.9,185.34,758.78,986.11,0.00,0.00,84373280,0,0,0,0,0,0,5,18199,5,0,0,0,-,0,--V 1048576 --N 524288 --K 2 --init 4000000 --pins 1,2026-09-28 15:44:24
uniform-ins-K2,stm-nodeg,3,5.3535,524288,18152,0,1048571,5,97934196.2,195867458.4,185.34,750.59,968.70,0.00,0.00,84373280,0,0,0,0,0,0,5,18147,5,0,0,0,-,0,--V 1048576 --N 524288 --K 2 --init 4000000 --pins 1,2026-09-28 15:44:24
uniform-ins-K2,stm-nodeg,4,4.3346,524288,18123,0,1048571,5,120954409.6,241907665.7,178.18,384.00,598.02,0.00,0.00,84373280,0,0,0,0,0,0,2,18121,2,0,0,0,-,0,--V 1048576 --N 524288 --K 2 --init 4000000 --pins 1,2026-09-28 15:44:24
uniform-ins-K2,nontx,0,2.0972,524288,0,0,1048571,5,250000000.6,499997617.1,86.02,147.46,173.06,0.00,0.00,84373280,0,0,0,0,0,0,0,0,0,0,0,0,-,0,--V 1048576 --N 524288 --K 2 --init 4000000 --pins 1,2026-09-28 15:44:26
uniform-ins-K2,nontx,1,2.0869,524288,0,0,1048571,5,251226702.9,502451009.8,86.02,145.41,172.03,0.00,0.00,84373280,0,0,0,0,0,0,0,0,0,0,0,0,-,0,--V 1048576 --N 524288 --K 2 --init 4000000 --pins 1,2026-09-28 15:44:26
uniform-ins-K2,nontx,2,2.7791,524288,0,0,1048571,5,188651440.9,377301082.7,92.16,196.61,716.80,0.00,0.00,84373280,0,0,0,0,0,0,0,0,0,0,0,0,-,0,--V 1048576 --N 524288 --K 2 --init 4000000 --pins 1,2026-09-28 15:44:26
uniform-ins-K2,nontx,3,2.0941,524288,0,0,1048571,5,250366751.6,500731115.5,87.04,144.38,171.01,0.00,0.00,84373280,0,0,0,0,0,0,0,0,0,0,0,0,-,0,--V 1048576 --N 524288 --K 2 --init 4000000 --pins 1,2026-09-28 15:44:26
uniform-ins-K2,nontx,4,2.7156,524288,0,0,1048571,5,193061844.7,386121848.2,88.06,186.37,715.78,0.00,0.00,84373280,0,0,0,0,0,0,0,0,0,0,0,0,-,0,--V 1048576 --N 524288 --K 2 --init 4000000 --pins 1,2026-09-28 15:44:26
hub50-ins-K2,gtx,0,4.1339,524288,1029,0,586156,462420,126826858.7,141792915.8,116.74,143.36,160.77,0.00,0.00,433663344,455,574,0,0,0,0,0,0,364,62121,620274,663,-,0,--V 1048576 --N 524288 --K 2 --init 4000000 --src hub --hub 0.5 --pins 1,2026-09-28 15:44:28
hub50-ins-K2,gtx,1,4.1503,524288,1032,0,586156,462420,126326181.4,141233156.6,116.74,143.36,162.82,0.00,0.00,433670376,450,582,0,0,0,0,0,0,364,62124,620261,657,-,0,--V 1048576 --N 524288 --K 2 --init 4000000 --src hub --hub 0.5 --pins 1,2026-09-28 15:44:28
hub50-ins-K2,gtx,2,4.5292,524288,1044,0,586156,462420,115758537.1,129418489.6,116.74,152.58,496.64,0.00,0.00,433663464,466,578,0,0,0,0,0,0,370,62121,620266,658,-,0,--V 1048576 --N 524288 --K 2 --init 4000000 --src hub --hub 0.5 --pins 1,2026-09-28 15:44:28
hub50-ins-K2,gtx,3,4.1411,524288,1030,0,586156,462420,126607317.6,141547467.9,115.71,143.36,162.82,0.00,0.00,433665688,447,583,0,0,0,0,0,0,363,62122,620250,647,-,0,--V 1048576 --N 524288 --K 2 --init 4000000 --src hub --hub 0.5 --pins 1,2026-09-28 15:44:28
hub50-ins-K2,gtx,4,4.1062,524288,1035,0,586156,462420,127680804.4,142747630.2,115.71,142.34,161.79,0.00,0.00,433663392,455,580,0,0,0,0,0,0,366,62121,620251,647,-,0,--V 1048576 --N 524288 --K 2 --init 4000000 --src hub --hub 0.5 --pins 1,2026-09-28 15:44:28
hub50-ins-K2,gtx-cons,0,4.5404,524288,2445,0,586156,462420,115471363.7,129097428.6,126.98,158.72,203.78,0.00,0.00,434057552,445,595,1405,0,0,0,0,0,377,62194,1114836,551,-,0,--V 1048576 --N 524288 --K 2 --init 4000000 --src hub --hub 0.5 --pins 1,2026-09-28 15:44:30
hub50-ins-K2,gtx-cons,1,4.5343,524288,2478,0,586156,462420,115627818.0,129272345.1,126.98,158.72,202.75,0.00,0.00,434070424,445,606,1427,0,0,0,0,0,378,62200,1114873,553,-,0,--V 1048576 --N 524288 --K 2 --init 4000000 --src hub --hub 0.5 --pins 1,2026-09-28 15:44:30
hub50-ins-K2,gtx-cons,2,4.5916,524288,2467,0,586156,462420,114183760.7,127657883.5,128.00,160.77,204.80,0.00,0.00,434071952,425,602,1440,0,0,0,0,0,366,62200,1114866,584,-,0,--V 1048576 --N 524288 --K 2 --init 4000000 --src hub --hub 0.5 --pins 1,2026-09-28 15:44:30
hub50-ins-K2,gtx-cons,3,4.5466,524288,2476,0,586156,462420,115315320.1,128922971.3,125.95,158.72,200.70,0.00,0.00,434080824,451,588,1437,0,0,0,0,0,360,62202,1114887,551,-,0,--V 1048576 --N 524288 --K 2 --init 4000000 --src hub --hub 0.5 --pins 1,2026-09-28 15:44:30
hub50-ins-K2,gtx-cons,4,4.5343,524288,2442,0,586156,462420,115627818.0,129272345.1,125.95,158.72,203.78,0.00,0.00,434060160,446,581,1415,0,0,0,0,0,363,62195,1114812,556,-,0,--V 1048576 --N 524288 --K 2 --init 4000000 --src hub --hub 0.5 --pins 1,2026-09-28 15:44:30
hub50-ins-K2,2pl,-1,DNF>90000,,,,,,,,,,,,,,,,,,,,,,,,,,,,--V 1048576 --N 524288 --K 2 --init 4000000 --src hub --hub 0.5 --pins 1,2026-09-28 15:46:00
hub50-ins-K2,stm,0,819.0280,451670,296651391,72618,488714,414626,551470.8,596700.0,294.91,763.90,1085.44,0.00,0.00,82992960,0,0,0,0,0,0,2110116,294541275,2110116,0,0,0,-,0,--V 1048576 --N 524288 --K 2 --init 4000000 --src hub --hub 0.5 --pins 1,2026-09-28 15:46:07
hub50-ins-K2,stm,1,721.8760,451712,296509119,72576,488803,414621,625747.4,677128.8,252.93,638.98,947.20,0.00,0.00,82992960,0,0,0,0,0,0,2116656,294392463,2116656,0,0,0,-,0,--V 1048576 --N 524288 --K 2 --init 4000000 --src hub --hub 0.5 --pins 1,2026-09-28 15:46:07
hub50-ins-K2,stm,2,648.6938,451815,296465844,72473,488889,414741,696499.7,753651.4,224.26,559.10,839.68,0.00,0.00,82992960,0,0,0,0,0,0,2095791,294370053,2095791,0,0,0,-,0,--V 1048576 --N 524288 --K 2 --init 4000000 --src hub --hub 0.5 --pins 1,2026-09-28 15:46:07
hub50-ins-K2,stm,3,614.4256,451861,296295424,72427,488983,414739,735420.2,795837.6,210.94,507.90,787.46,0.00,0.00,82992960,0,0,0,0,0,0,2135132,294160292,2135132,0,0,0,-,0,--V 1048576 --N 524288 --K 2 --init 4000000 --src hub --hub 0.5 --pins 1,2026-09-28 15:46:07
hub50-ins-K2,stm,4,575.9703,451917,296199532,72371,489047,414787,784618.6,849083.7,204.80,527.36,765.95,0.00,0.00,82992960,0,0,0,0,0,0,2147833,294051699,2147833,0,0,0,-,0,--V 1048576 --N 524288 --K 2 --init 4000000 --src hub --hub 0.5 --pins 1,2026-09-28 15:46:07
hub50-ins-K2,stm-nodeg,0,4.0561,524288,9312,0,586156,462420,129260283.7,144513494.2,148.48,647.17,838.66,0.00,0.00,82992960,0,0,0,0,0,0,3,9309,3,0,0,0,-,0,--V 1048576 --N 524288 --K 2 --init 4000000 --src hub --hub 0.5 --pins 1,2026-09-28 15:46:08
hub50-ins-K2,stm-nodeg,1,4.0387,524288,9139,0,586156,462420,129817436.7,145136393.4,147.46,631.81,832.51,0.00,0.00,82992960,0,0,0,0,0,0,3,9136,3,0,0,0,-,0,--V 1048576 --N 524288 --K 2 --init 4000000 --src hub --hub 0.5 --pins 1,2026-09-28 15:46:08
hub50-ins-K2,stm-nodeg,2,4.4544,524288,9201,0,586156,462420,117701147.8,131590335.8,151.55,687.10,849.92,0.00,0.00,82992960,0,0,0,0,0,0,1,9200,1,0,0,0,-,0,--V 1048576 --N 524288 --K 2 --init 4000000 --src hub --hub 0.5 --pins 1,2026-09-28 15:46:08
hub50-ins-K2,stm-nodeg,3,4.4626,524288,9289,0,586156,462420,117485081.6,131348773.0,151.55,690.18,843.78,0.00,0.00,82992960,0,0,0,0,0,0,4,9285,4,0,0,0,-,0,--V 1048576 --N 524288 --K 2 --init 4000000 --src hub --hub 0.5 --pins 1,2026-09-28 15:46:08
hub50-ins-K2,stm-nodeg,4,3.4836,524288,9305,0,586156,462420,150499703.4,168259247.1,145.41,292.86,419.84,0.00,0.00,82992960,0,0,0,0,0,0,1,9304,1,0,0,0,-,0,--V 1048576 --N 524288 --K 2 --init 4000000 --src hub --hub 0.5 --pins 1,2026-09-28 15:46:08
hub50-ins-K2,nontx,0,1.7746,524288,0,0,586156,462420,295441424.1,330304648.1,70.66,113.66,136.19,0.00,0.00,82992960,0,0,0,0,0,0,0,0,0,0,0,0,-,0,--V 1048576 --N 524288 --K 2 --init 4000000 --src hub --hub 0.5 --pins 1,2026-09-28 15:46:10
hub50-ins-K2,nontx,1,1.7736,524288,0,0,586156,462420,295612003.5,330495356.7,70.66,113.66,137.22,0.00,0.00,82992960,0,0,0,0,0,0,0,0,0,0,0,0,-,0,--V 1048576 --N 524288 --K 2 --init 4000000 --src hub --hub 0.5 --pins 1,2026-09-28 15:46:10
hub50-ins-K2,nontx,2,2.4054,524288,0,0,586156,462420,217965095.4,243685814.8,73.73,149.50,669.70,0.00,0.00,82992960,0,0,0,0,0,0,0,0,0,0,0,0,-,0,--V 1048576 --N 524288 --K 2 --init 4000000 --src hub --hub 0.5 --pins 1,2026-09-28 15:46:10
hub50-ins-K2,nontx,3,1.7756,524288,0,0,586156,462420,295271041.3,330114159.6,70.66,114.69,136.19,0.00,0.00,82992960,0,0,0,0,0,0,0,0,0,0,0,0,-,0,--V 1048576 --N 524288 --K 2 --init 4000000 --src hub --hub 0.5 --pins 1,2026-09-28 15:46:10
hub50-ins-K2,nontx,4,2.2098,524288,0,0,586156,462420,237256730.1,265253936.5,72.70,146.43,485.38,0.00,0.00,82992960,0,0,0,0,0,0,0,0,0,0,0,0,-,0,--V 1048576 --N 524288 --K 2 --init 4000000 --src hub --hub 0.5 --pins 1,2026-09-28 15:46:10
uniform-ins-K4,gtx,0,5.5890,262144,0,0,1048571,5,46903626.7,187613612.2,318.46,376.83,396.29,0.00,0.00,518750208,0,0,0,0,0,0,0,0,310,57189,1105882,430,-,0,--V 1048576 --N 262144 --K 4 --init 4000000 --pins 1,2026-09-28 15:46:13
uniform-ins-K4,gtx,1,5.9812,262144,0,0,1048571,5,43828111.6,175311610.4,321.54,679.94,746.50,0.00,0.00,518750208,0,0,0,0,0,0,0,0,319,57189,1105871,423,-,0,--V 1048576 --N 262144 --K 4 --init 4000000 --pins 1,2026-09-28 15:46:13
uniform-ins-K4,gtx,2,5.6044,262144,0,0,1048571,5,46775077.7,187099418.5,319.49,374.78,395.26,0.00,0.00,518750208,0,0,0,0,0,0,0,0,312,57189,1105869,412,-,0,--V 1048576 --N 262144 --K 4 --init 4000000 --pins 1,2026-09-28 15:46:13
uniform-ins-K4,gtx,3,6.1542,262144,0,0,1048571,5,42595673.0,170381879.4,322.56,826.37,910.34,0.00,0.00,518750208,0,0,0,0,0,0,0,0,298,57189,1105886,438,-,0,--V 1048576 --N 262144 --K 4 --init 4000000 --pins 1,2026-09-28 15:46:13
uniform-ins-K4,gtx,4,5.9812,262144,0,0,1048571,5,43828111.6,175311610.4,323.58,624.64,720.90,0.00,0.00,518750208,0,0,0,0,0,0,0,0,325,57189,1105868,421,-,0,--V 1048576 --N 262144 --K 4 --init 4000000 --pins 1,2026-09-28 15:46:13
uniform-ins-K4,gtx-cons,0,6.3263,262144,6631,0,1048571,5,41437358.3,165748642.8,316.42,379.90,900.10,0.00,0.00,526874680,0,0,6631,0,0,0,0,0,316,59839,1127250,462,-,0,--V 1048576 --N 262144 --K 4 --init 4000000 --pins 1,2026-09-28 15:46:15
uniform-ins-K4,gtx-cons,1,6.2054,262144,6671,0,1048571,5,42244224.1,168976090.7,318.46,703.49,926.72,0.00,0.00,526994280,0,0,6671,0,0,0,0,0,290,59888,1127349,472,-,0,--V 1048576 --N 262144 --K 4 --init 4000000 --pins 1,2026-09-28 15:46:15
uniform-ins-K4,gtx-cons,2,6.4020,262144,6714,0,1048571,5,40946896.3,163786804.1,319.49,843.78,949.25,0.00,0.00,527015848,0,0,6714,0,0,0,0,0,285,59891,1127471,479,-,0,--V 1048576 --N 262144 --K 4 --init 4000000 --pins 1,2026-09-28 15:46:15
uniform-ins-K4,gtx-cons,3,6.4307,262144,6681,0,1048571,5,40764332.1,163056551.1,319.49,874.50,950.27,0.00,0.00,527003680,0,0,6681,0,0,0,0,0,310,59892,1127426,481,-,0,--V 1048576 --N 262144 --K 4 --init 4000000 --pins 1,2026-09-28 15:46:15
uniform-ins-K4,gtx-cons,4,6.2300,262144,6674,0,1048571,5,42077579.0,168309513.3,318.46,692.22,926.72,0.00,0.00,526954288,0,0,6674,0,0,0,0,0,299,59869,1127467,475,-,0,--V 1048576 --N 262144 --K 4 --init 4000000 --pins 1,2026-09-28 15:46:15
uniform-ins-K4,2pl,0,3.8441,262144,0,0,1048571,5,68193927.4,272774409.1,304.13,763.90,1005.57,0.00,0.00,84382944,0,0,0,0,0,0,0,0,405408,0,0,0,-,0,--V 1048576 --N 262144 --K 4 --init 4000000 --pins 1,2026-09-28 15:46:17
uniform-ins-K4,2pl,1,4.0765,262144,0,0,1048571,5,64305453.9,257220589.2,304.13,965.63,1213.44,0.00,0.00,84382944,0,0,0,0,0,0,0,0,403307,0,0,0,-,0,--V 1048576 --N 262144 --K 4 --init 4000000 --pins 1,2026-09-28 15:46:17
uniform-ins-K4,2pl,2,3.4959,262144,0,0,1048571,5,74985356.2,299939994.6,296.96,566.27,773.12,0.00,0.00,84382944,0,0,0,0,0,0,0,0,406528,0,0,0,-,0,--V 1048576 --N 262144 --K 4 --init 4000000 --pins 1,2026-09-28 15:46:17
uniform-ins-K4,2pl,3,3.8267,262144,0,0,1048571,5,68504146.8,274015280.6,304.13,757.76,1000.45,0.00,0.00,84382944,0,0,0,0,0,0,0,0,407755,0,0,0,-,0,--V 1048576 --N 262144 --K 4 --init 4000000 --pins 1,2026-09-28 15:46:17
uniform-ins-K4,2pl,4,3.4857,262144,0,0,1048571,5,75205638.8,300821120.6,295.94,566.27,773.12,0.00,0.00,84382944,0,0,0,0,0,0,0,0,407749,0,0,0,-,0,--V 1048576 --N 262144 --K 4 --init 4000000 --pins 1,2026-09-28 15:46:17
uniform-ins-K4,stm,0,15.4706,262144,244572,0,1048571,5,16944665.6,67778339.1,1111.04,3600.38,5741.57,0.00,0.00,84382944,0,0,0,0,0,0,16205,228367,16205,0,0,0,-,0,--V 1048576 --N 262144 --K 4 --init 4000000 --pins 1,2026-09-28 15:46:19
uniform-ins-K4,stm,1,15.4583,262144,244262,0,1048571,5,16958134.2,67832213.2,1117.18,3692.54,5866.50,0.00,0.00,84382944,0,0,0,0,0,0,16625,227637,16625,0,0,0,-,0,--V 1048576 --N 262144 --K 4 --init 4000000 --pins 1,2026-09-28 15:46:19
uniform-ins-K4,stm,2,15.5709,262144,245112,0,1048571,5,16835459.9,67341518.4,1111.04,3603.46,5815.30,0.00,0.00,84382944,0,0,0,0,0,0,16804,228308,16804,0,0,0,-,0,--V 1048576 --N 262144 --K 4 --init 4000000 --pins 1,2026-09-28 15:46:19
uniform-ins-K4,stm,3,15.4419,262144,244453,0,1048571,5,16976127.0,67904184.3,1127.42,3629.06,5847.04,0.00,0.00,84382944,0,0,0,0,0,0,16666,227787,16666,0,0,0,-,0,--V 1048576 --N 262144 --K 4 --init 4000000 --pins 1,2026-09-28 15:46:19
uniform-ins-K4,stm,4,15.5525,262144,243988,0,1048571,5,16855412.0,67421326.4,1125.38,3633.15,5774.34,0.00,0.00,84382944,0,0,0,0,0,0,16573,227415,16573,0,0,0,-,0,--V 1048576 --N 262144 --K 4 --init 4000000 --pins 1,2026-09-28 15:46:19
uniform-ins-K4,stm-nodeg,0,6.0979,262144,38582,0,1048571,5,42989085.2,171955520.9,455.68,1288.19,1947.65,0.00,0.00,84382944,0,0,0,0,0,0,158,38424,158,0,0,0,-,0,--V 1048576 --N 262144 --K 4 --init 4000000 --pins 1,2026-09-28 15:46:21
uniform-ins-K4,stm-nodeg,1,5.8399,262144,38476,0,1048571,5,44888656.0,179553767.8,454.66,1149.95,1802.24,0.00,0.00,84382944,0,0,0,0,0,0,210,38266,210,0,0,0,-,0,--V 1048576 --N 262144 --K 4 --init 4000000 --pins 1,2026-09-28 15:46:21
uniform-ins-K4,stm-nodeg,2,6.1020,262144,38680,0,1048571,5,42960228.4,171840094.3,457.73,1281.02,1953.79,0.00,0.00,84382944,0,0,0,0,0,0,196,38484,196,0,0,0,-,0,--V 1048576 --N 262144 --K 4 --init 4000000 --pins 1,2026-09-28 15:46:21
uniform-ins-K4,stm-nodeg,3,5.4190,262144,38771,0,1048571,5,48374907.5,193498707.3,441.34,1029.12,1557.50,0.00,0.00,84382944,0,0,0,0,0,0,201,38570,201,0,0,0,-,0,--V 1048576 --N 262144 --K 4 --init 4000000 --pins 1,2026-09-28 15:46:21
uniform-ins-K4,stm-nodeg,4,5.4231,262144,38712,0,1048571,5,48338370.3,193352559.1,440.32,1028.10,1559.55,0.00,0.00,84382944,0,0,0,0,0,0,196,38516,196,0,0,0,-,0,--V 1048576 --N 262144 --K 4 --init 4000000 --pins 1,2026-09-28 15:46:21
uniform-ins-K4,nontx,0,2.0122,262144,0,0,1048571,5,130279894.2,521117091.7,174.08,278.53,337.92,0.00,0.00,84382944,0,0,0,0,0,0,0,0,0,0,0,0,-,0,--V 1048576 --N 262144 --K 4 --init 4000000 --pins 1,2026-09-28 15:46:23
uniform-ins-K4,nontx,1,2.0183,262144,0,0,1048571,5,129883300.9,519530726.3,174.08,279.55,334.85,0.00,0.00,84382944,0,0,0,0,0,0,0,0,0,0,0,0,-,0,--V 1048576 --N 262144 --K 4 --init 4000000 --pins 1,2026-09-28 15:46:23
uniform-ins-K4,nontx,2,2.0111,262144,0,0,1048571,5,130346228.6,521382428.3,174.08,279.55,336.90,0.00,0.00,84382944,0,0,0,0,0,0,0,0,0,0,0,0,-,0,--V 1048576 --N 262144 --K 4 --init 4000000 --pins 1,2026-09-28 15:46:23
uniform-ins-K4,nontx,3,2.0152,262144,0,0,1048571,5,130081295.3,520322699.9,174.08,279.55,336.90,0.00,0.00,84382944,0,0,0,0,0,0,0,0,0,0,0,0,-,0,--V 1048576 --N 262144 --K 4 --init 4000000 --pins 1,2026-09-28 15:46:23
uniform-ins-K4,nontx,4,2.0122,262144,0,0,1048571,5,130279894.2,521117091.7,174.08,278.53,337.92,0.00,0.00,84382944,0,0,0,0,0,0,0,0,0,0,0,0,-,0,--V 1048576 --N 262144 --K 4 --init 4000000 --pins 1,2026-09-28 15:46:23
hub50-ins-K4,gtx,0,4.2025,262144,1945,0,586792,461784,62378166.9,139629399.5,231.42,274.43,305.15,0.00,0.00,431730480,947,998,0,0,0,0,0,0,373,62202,623176,706,-,0,--V 1048576 --N 262144 --K 4 --init 4000000 --src hub --hub 0.5 --pins 1,2026-09-28 15:46:25
hub50-ins-K4,gtx,1,4.2373,262144,1965,0,586792,461784,61865637.9,138482137.3,231.42,273.41,306.18,0.00,0.00,431735312,944,1021,0,0,0,0,0,0,373,62204,623211,729,-,0,--V 1048576 --N 262144 --K 4 --init 4000000 --src hub --hub 0.5 --pins 1,2026-09-28 15:46:25
hub50-ins-K4,gtx,2,4.2301,262144,1965,0,586792,461784,61970466.8,138716789.9,232.45,276.48,307.20,0.00,0.00,431732976,947,1018,0,0,0,0,0,0,382,62203,623191,732,-,0,--V 1048576 --N 262144 --K 4 --init 4000000 --src hub --hub 0.5 --pins 1,2026-09-28 15:46:25
hub50-ins-K4,gtx,3,4.2291,262144,1951,0,586792,461784,61985475.4,138750385.6,231.42,273.41,303.10,0.00,0.00,431732864,936,1015,0,0,0,0,0,0,395,62203,623165,713,-,0,--V 1048576 --N 262144 --K 4 --init 4000000 --src hub --hub 0.5 --pins 1,2026-09-28 15:46:25
hub50-ins-K4,gtx,4,4.1861,262144,1953,0,586792,461784,62622310.3,140175898.4,231.42,274.43,305.15,0.00,0.00,431732880,937,1016,0,0,0,0,0,0,388,62203,623173,707,-,0,--V 1048576 --N 262144 --K 4 --init 4000000 --src hub --hub 0.5 --pins 1,2026-09-28 15:46:25
hub50-ins-K4,gtx-cons,0,5.8245,262144,4778,0,586792,461784,45007032.3,100745264.1,268.29,803.84,859.14,0.00,0.00,432296440,921,1030,2827,0,0,0,0,0,382,62343,1124490,652,-,0,--V 1048576 --N 262144 --K 4 --init 4000000 --src hub --hub 0.5 --pins 1,2026-09-28 15:46:27
hub50-ins-K4,gtx-cons,1,4.7432,262144,4779,0,586792,461784,55267704.4,123713099.6,258.05,318.46,548.86,0.00,0.00,432272456,920,1024,2835,0,0,0,0,0,376,62336,1124562,616,-,0,--V 1048576 --N 262144 --K 4 --init 4000000 --src hub --hub 0.5 --pins 1,2026-09-28 15:46:27
hub50-ins-K4,gtx-cons,2,4.7391,262144,4798,0,586792,461784,55315472.8,123820026.2,257.02,323.58,551.94,0.00,0.00,432287520,913,1070,2815,0,0,0,0,0,379,62340,1124604,606,-,0,--V 1048576 --N 262144 --K 4 --init 4000000 --src hub --hub 0.5 --pins 1,2026-09-28 15:46:27
hub50-ins-K4,gtx-cons,3,4.7606,262144,4831,0,586792,461784,55065608.2,123260720.6,257.02,322.56,551.94,0.00,0.00,432286792,941,1054,2836,0,0,0,0,0,389,62340,1124661,609,-,0,--V 1048576 --N 262144 --K 4 --init 4000000 --src hub --hub 0.5 --pins 1,2026-09-28 15:46:27
hub50-ins-K4,gtx-cons,4,4.7370,262144,4790,0,586792,461784,55339388.1,123873558.8,257.02,320.51,555.01,0.00,0.00,432284536,932,1047,2811,0,0,0,0,0,364,62338,1124553,610,-,0,--V 1048576 --N 262144 --K 4 --init 4000000 --src hub --hub 0.5 --pins 1,2026-09-28 15:46:27
hub50-ins-K4,2pl,-1,DNF>90000,,,,,,,,,,,,,,,,,,,,,,,,,,,,--V 1048576 --N 262144 --K 4 --init 4000000 --src hub --hub 0.5 --pins 1,2026-09-28 15:47:57
hub50-ins-K4,stm,0,1166.2029,194822,274551190,67322,421973,357315,167056.7,361835.0,759.81,1573.89,37806.08,0.00,0.00,82999360,0,0,0,0,0,0,1898862,272652328,1898862,0,0,0,-,0,--V 1048576 --N 262144 --K 4 --init 4000000 --src hub --hub 0.5 --pins 1,2026-09-28 15:48:05
hub50-ins-K4,stm,1,947.6208,194905,274494442,67239,422148,357472,205678.3,445482.0,606.21,1254.40,59016.19,0.00,0.00,82999360,0,0,0,0,0,0,1969263,272525179,1969263,0,0,0,-,0,--V 1048576 --N 262144 --K 4 --init 4000000 --src hub --hub 0.5 --pins 1,2026-09-28 15:48:05
hub50-ins-K4,stm,2,800.4004,195015,274429621,67129,422495,357565,243646.8,527854.6,501.76,1049.60,79568.90,0.00,0.00,82999360,0,0,0,0,0,0,1918968,272510653,1918968,0,0,0,-,0,--V 1048576 --N 262144 --K 4 --init 4000000 --src hub --hub 0.5 --pins 1,2026-09-28 15:48:05
hub50-ins-K4,stm,3,699.7330,195030,274280466,67114,422539,357581,278720.6,603857.5,440.32,913.41,60576.77,0.00,0.00,82999360,0,0,0,0,0,0,1919454,272361012,1919454,0,0,0,-,0,--V 1048576 --N 262144 --K 4 --init 4000000 --src hub --hub 0.5 --pins 1,2026-09-28 15:48:05
hub50-ins-K4,stm,4,646.4686,195033,274280404,67111,422568,357564,301689.8,653655.8,395.26,829.44,56890.37,0.00,0.00,82999360,0,0,0,0,0,0,1842630,272437774,1842630,0,0,0,-,0,--V 1048576 --N 262144 --K 4 --init 4000000 --src hub --hub 0.5 --pins 1,2026-09-28 15:48:05
hub50-ins-K4,stm-nodeg,0,3.8687,262144,19964,0,586792,461784,67760721.8,151677892.6,321.54,629.76,1010.69,0.00,0.00,82999360,0,0,0,0,0,0,17,19947,17,0,0,0,-,0,--V 1048576 --N 262144 --K 4 --init 4000000 --src hub --hub 0.5 --pins 1,2026-09-28 15:48:07
hub50-ins-K4,stm-nodeg,1,4.5015,262144,19876,0,586792,461784,58234759.6,130354656.4,332.80,1022.98,1354.75,0.00,0.00,82999360,0,0,0,0,0,0,16,19860,16,0,0,0,-,0,--V 1048576 --N 262144 --K 4 --init 4000000 --src hub --hub 0.5 --pins 1,2026-09-28 15:48:07
hub50-ins-K4,stm-nodeg,2,4.3213,262144,19764,0,586792,461784,60663507.1,135791247.0,330.75,845.82,1195.01,0.00,0.00,82999360,0,0,0,0,0,0,15,19749,15,0,0,0,-,0,--V 1048576 --N 262144 --K 4 --init 4000000 --src hub --hub 0.5 --pins 1,2026-09-28 15:48:07
hub50-ins-K4,stm-nodeg,3,3.8810,262144,19861,0,586792,461784,67546174.4,151197642.3,322.56,628.74,1010.69,0.00,0.00,82999360,0,0,0,0,0,0,7,19854,7,0,0,0,-,0,--V 1048576 --N 262144 --K 4 --init 4000000 --src hub --hub 0.5 --pins 1,2026-09-28 15:48:07
hub50-ins-K4,stm-nodeg,4,3.8656,262144,19824,0,586792,461784,67814567.6,151798422.9,322.56,628.74,1010.69,0.00,0.00,82999360,0,0,0,0,0,0,16,19808,16,0,0,0,-,0,--V 1048576 --N 262144 --K 4 --init 4000000 --src hub --hub 0.5 --pins 1,2026-09-28 15:48:07
hub50-ins-K4,nontx,0,1.6916,262144,0,0,586792,461784,154963679.8,346875944.5,143.36,222.21,281.60,0.00,0.00,82999360,0,0,0,0,0,0,0,0,0,0,0,0,-,0,--V 1048576 --N 262144 --K 4 --init 4000000 --src hub --hub 0.5 --pins 1,2026-09-28 15:48:09
hub50-ins-K4,nontx,1,1.6763,262144,0,0,586792,461784,156383627.8,350054404.1,143.36,220.16,277.50,0.00,0.00,82999360,0,0,0,0,0,0,0,0,0,0,0,0,-,0,--V 1048576 --N 262144 --K 4 --init 4000000 --src hub --hub 0.5 --pins 1,2026-09-28 15:48:09
hub50-ins-K4,nontx,2,1.6804,262144,0,0,586792,461784,156002433.8,349201126.7,143.36,221.18,277.50,0.00,0.00,82999360,0,0,0,0,0,0,0,0,0,0,0,0,-,0,--V 1048576 --N 262144 --K 4 --init 4000000 --src hub --hub 0.5 --pins 1,2026-09-28 15:48:09
hub50-ins-K4,nontx,3,2.1914,262144,0,0,586792,461784,119626168.4,267775263.2,143.36,220.16,284.67,0.00,0.00,82999360,0,0,0,0,0,0,0,0,0,0,0,0,-,0,--V 1048576 --N 262144 --K 4 --init 4000000 --src hub --hub 0.5 --pins 1,2026-09-28 15:48:09
hub50-ins-K4,nontx,4,2.2989,262144,0,0,586792,461784,114031175.4,255251241.7,151.55,731.14,785.41,0.00,0.00,82999360,0,0,0,0,0,0,0,0,0,0,0,0,-,0,--V 1048576 --N 262144 --K 4 --init 4000000 --src hub --hub 0.5 --pins 1,2026-09-28 15:48:09
uniform-ins-K8,gtx,0,6.0088,131072,0,0,1048572,4,21813224.3,174505129.1,680.96,787.46,831.49,0.00,0.00,517877056,0,0,0,0,0,0,0,0,321,57019,1105726,491,-,0,--V 1048576 --N 131072 --K 8 --init 4000000 --pins 1,2026-09-28 15:48:11
uniform-ins-K8,gtx,1,6.3662,131072,0,0,1048572,4,20588708.1,164709036.7,689.15,1094.66,1152.00,0.00,0.00,517877056,0,0,0,0,0,0,0,0,315,57019,1105722,498,-,0,--V 1048576 --N 131072 --K 8 --init 4000000 --pins 1,2026-09-28 15:48:11
uniform-ins-K8,gtx,2,5.9924,131072,0,0,1048572,4,21872864.5,174982248.6,681.98,787.46,824.32,0.00,0.00,517877056,0,0,0,0,0,0,0,0,292,57019,1105729,496,-,0,--V 1048576 --N 131072 --K 8 --init 4000000 --pins 1,2026-09-28 15:48:11
uniform-ins-K8,gtx,3,6.3795,131072,0,0,1048572,4,20545746.6,164365345.7,689.15,1087.49,1161.22,0.00,0.00,517877056,0,0,0,0,0,0,0,0,329,57019,1105735,513,-,0,--V 1048576 --N 131072 --K 8 --init 4000000 --pins 1,2026-09-28 15:48:11
uniform-ins-K8,gtx,4,6.5495,131072,0,0,1048572,4,20012508.4,160099456.6,691.20,1263.62,1350.66,0.00,0.00,517877056,0,0,0,0,0,0,0,0,317,57019,1105730,506,-,0,--V 1048576 --N 131072 --K 8 --init 4000000 --pins 1,2026-09-28 15:48:11
uniform-ins-K8,gtx-cons,0,7.0472,131072,12296,0,1048572,4,18599245.0,148793392.3,644.10,1414.14,2396.16,0.00,0.00,537841616,0,0,12296,0,0,0,0,0,311,64712,1177131,662,-,0,--V 1048576 --N 131072 --K 8 --init 4000000 --pins 1,2026-09-28 15:48:14
uniform-ins-K8,gtx-cons,1,7.3830,131072,12290,0,1048572,4,17753120.8,142024424.5,634.88,1336.32,2076.67,0.00,0.00,537845560,0,0,12290,0,0,0,0,0,309,64721,1177373,771,-,0,--V 1048576 --N 131072 --K 8 --init 4000000 --pins 1,2026-09-28 15:48:14
uniform-ins-K8,gtx-cons,2,7.0400,131072,12253,0,1048572,4,18618181.9,148944887.2,650.24,1340.42,2216.96,0.00,0.00,537724128,0,0,12253,0,0,0,0,0,309,64678,1176981,681,-,0,--V 1048576 --N 131072 --K 8 --init 4000000 --pins 1,2026-09-28 15:48:14
uniform-ins-K8,gtx-cons,3,7.0932,131072,12232,0,1048572,4,18478418.1,147826780.6,643.07,1517.57,2353.15,0.00,0.00,537661064,0,0,12232,0,0,0,0,0,304,64632,1176764,703,-,0,--V 1048576 --N 131072 --K 8 --init 4000000 --pins 1,2026-09-28 15:48:14
uniform-ins-K8,gtx-cons,4,7.2622,131072,12253,0,1048572,4,18048505.4,144387492.4,646.14,1402.88,2578.43,0.00,0.00,537896640,0,0,12253,0,0,0,0,0,312,64749,1177038,665,-,0,--V 1048576 --N 131072 --K 8 --init 4000000 --pins 1,2026-09-28 15:48:14
uniform-ins-K8,2pl,0,5.0637,131072,0,0,1048572,4,25884731.2,207077059.4,737.28,2092.03,2983.94,0.00,0.00,84388480,0,0,0,0,0,0,0,0,3037534,0,0,0,-,0,--V 1048576 --N 131072 --K 8 --init 4000000 --pins 1,2026-09-28 15:48:16
uniform-ins-K8,2pl,1,5.2244,131072,0,0,1048572,4,25088199.7,200704832.2,742.40,2131.97,2972.67,0.00,0.00,84388480,0,0,0,0,0,0,0,0,3007951,0,0,0,-,0,--V 1048576 --N 131072 --K 8 --init 4000000 --pins 1,2026-09-28 15:48:16
uniform-ins-K8,2pl,2,4.4390,131072,0,0,1048572,4,29527103.7,236215928.8,681.98,1695.74,2485.25,0.00,0.00,84388480,0,0,0,0,0,0,0,0,3034069,0,0,0,-,0,--V 1048576 --N 131072 --K 8 --init 4000000 --pins 1,2026-09-28 15:48:16
uniform-ins-K8,2pl,3,4.8599,131072,0,0,1048572,4,26970081.1,215759825.8,738.30,1969.15,2833.41,0.00,0.00,84388480,0,0,0,0,0,0,0,0,3014076,0,0,0,-,0,--V 1048576 --N 131072 --K 8 --init 4000000 --pins 1,2026-09-28 15:48:16
uniform-ins-K8,2pl,4,4.8169,131072,0,0,1048572,4,27210884.6,217686246.1,740.35,1968.13,2867.20,0.00,0.00,84388480,0,0,0,0,0,0,0,0,3037614,0,0,0,-,0,--V 1048576 --N 131072 --K 8 --init 4000000 --pins 1,2026-09-28 15:48:16
uniform-ins-K8,stm,0,45.3171,131072,952945,0,1048572,4,2892328.6,23138540.3,6258.69,22549.50,34385.92,0.00,0.00,84388480,0,0,0,0,0,0,82436,870509,82436,0,0,0,-,0,--V 1048576 --N 131072 --K 8 --init 4000000 --pins 1,2026-09-28 15:48:18
uniform-ins-K8,stm,1,45.9264,131072,957405,0,1048572,4,2853957.7,22831574.4,6324.22,22877.18,34648.06,0.00,0.00,84388480,0,0,0,0,0,0,82978,874427,82978,0,0,0,-,0,--V 1048576 --N 131072 --K 8 --init 4000000 --pins 1,2026-09-28 15:48:18
uniform-ins-K8,stm,2,45.5875,131072,951975,0,1048572,4,2875176.9,23001327.5,6290.43,22668.29,34125.82,0.00,0.00,84388480,0,0,0,0,0,0,82083,869892,82083,0,0,0,-,0,--V 1048576 --N 131072 --K 8 --init 4000000 --pins 1,2026-09-28 15:48:18
uniform-ins-K8,stm,3,46.2664,131072,953786,0,1048572,4,2832986.5,22663805.8,6215.68,22410.24,34388.99,0.00,0.00,84388480,0,0,0,0,0,0,83264,870522,83264,0,0,0,-,0,--V 1048576 --N 131072 --K 8 --init 4000000 --pins 1,2026-09-28 15:48:18
uniform-ins-K8,stm,4,45.3960,131072,955151,0,1048572,4,2887304.8,23098350.2,6255.62,22755.33,34508.80,0.00,0.00,84388480,0,0,0,0,0,0,82922,872229,82922,0,0,0,-,0,--V 1048576 --N 131072 --K 8 --init 4000000 --pins 1,2026-09-28 15:48:18
uniform-ins-K8,stm-nodeg,0,9.2365,131072,91060,0,1048572,4,14190687.7,113525068.8,1274.88,3801.09,5817.34,0.00,0.00,84388480,0,0,0,0,0,0,6612,84448,6612,0,0,0,-,0,--V 1048576 --N 131072 --K 8 --init 4000000 --pins 1,2026-09-28 15:48:20
uniform-ins-K8,stm-nodeg,1,10.2554,131072,91168,0,1048572,4,12780829.2,102246243.5,1499.14,4406.27,6728.70,0.00,0.00,84388480,0,0,0,0,0,0,6491,84677,6491,0,0,0,-,0,--V 1048576 --N 131072 --K 8 --init 4000000 --pins 1,2026-09-28 15:48:20
uniform-ins-K8,stm-nodeg,2,9.1822,131072,91040,0,1048572,4,14274562.2,114196061.9,1274.88,3806.21,5791.74,0.00,0.00,84388480,0,0,0,0,0,0,6487,84553,6487,0,0,0,-,0,--V 1048576 --N 131072 --K 8 --init 4000000 --pins 1,2026-09-28 15:48:20
uniform-ins-K8,stm-nodeg,3,10.4223,131072,91409,0,1048572,4,12576145.0,100608775.8,1506.30,4445.18,6847.49,0.00,0.00,84388480,0,0,0,0,0,0,6469,84940,6469,0,0,0,-,0,--V 1048576 --N 131072 --K 8 --init 4000000 --pins 1,2026-09-28 15:48:20
uniform-ins-K8,stm-nodeg,4,9.2211,131072,91398,0,1048572,4,14214374.1,113714558.8,1273.86,3802.11,5789.70,0.00,0.00,84388480,0,0,0,0,0,0,6687,84711,6687,0,0,0,-,0,--V 1048576 --N 131072 --K 8 --init 4000000 --pins 1,2026-09-28 15:48:20
uniform-ins-K8,nontx,0,2.1217,131072,0,0,1048572,4,61776063.4,494206622.1,372.74,634.88,761.86,0.00,0.00,84388480,0,0,0,0,0,0,0,0,0,0,0,0,-,0,--V 1048576 --N 131072 --K 8 --init 4000000 --pins 1,2026-09-28 15:48:22
uniform-ins-K8,nontx,1,2.1268,131072,0,0,1048572,4,61627347.6,493016900.4,371.71,635.90,772.10,0.00,0.00,84388480,0,0,0,0,0,0,0,0,0,0,0,0,-,0,--V 1048576 --N 131072 --K 8 --init 4000000 --pins 1,2026-09-28 15:48:22
uniform-ins-K8,nontx,2,2.8201,131072,0,0,1048572,4,46477850.1,371821382.7,395.26,1218.56,1419.26,0.00,0.00,84388480,0,0,0,0,0,0,0,0,0,0,0,0,-,0,--V 1048576 --N 131072 --K 8 --init 4000000 --pins 1,2026-09-28 15:48:22
uniform-ins-K8,nontx,3,2.1289,131072,0,0,1048572,4,61568061.6,492542614.1,372.74,638.98,770.05,0.00,0.00,84388480,0,0,0,0,0,0,0,0,0,0,0,0,-,0,--V 1048576 --N 131072 --K 8 --init 4000000 --pins 1,2026-09-28 15:48:22
uniform-ins-K8,nontx,4,2.1238,131072,0,0,1048572,4,61716491.1,493730045.1,372.74,635.90,773.12,0.00,0.00,84388480,0,0,0,0,0,0,0,0,0,0,0,0,-,0,--V 1048576 --N 131072 --K 8 --init 4000000 --pins 1,2026-09-28 15:48:22
hub50-ins-K8,gtx,0,4.6356,131072,3671,0,586076,462500,28274797.1,126428069.7,474.11,543.74,1361.92,0.00,0.00,430738016,1785,1886,0,0,0,0,0,0,391,62057,630793,908,-,0,--V 1048576 --N 131072 --K 8 --init 4000000 --src hub --hub 0.5 --pins 1,2026-09-28 15:48:24
hub50-ins-K8,gtx,1,4.5793,131072,3683,0,586076,462500,28622539.9,127982968.7,472.06,543.74,1359.87,0.00,0.00,430738112,1762,1921,0,0,0,0,0,0,394,62057,630813,886,-,0,--V 1048576 --N 131072 --K 8 --init 4000000 --src hub --hub 0.5 --pins 1,2026-09-28 15:48:24
hub50-ins-K8,gtx,2,4.5875,131072,3700,0,586076,462500,28571427.8,127754426.0,473.09,544.77,1359.87,0.00,0.00,430754600,1760,1940,0,0,0,0,0,0,380,62064,630872,889,-,0,--V 1048576 --N 131072 --K 8 --init 4000000 --src hub --hub 0.5 --pins 1,2026-09-28 15:48:24
hub50-ins-K8,gtx,3,4.6100,131072,3697,0,586076,462500,28431809.2,127130134.7,474.11,544.77,1366.02,0.00,0.00,430747568,1767,1930,0,0,0,0,0,0,385,62061,630939,889,-,0,--V 1048576 --N 131072 --K 8 --init 4000000 --src hub --hub 0.5 --pins 1,2026-09-28 15:48:24
hub50-ins-K8,gtx,4,4.6049,131072,3677,0,586076,462500,28463420.0,127271479.1,472.06,543.74,1360.90,0.00,0.00,430726384,1769,1908,0,0,0,0,0,0,370,62052,630736,879,-,0,--V 1048576 --N 131072 --K 8 --init 4000000 --src hub --hub 0.5 --pins 1,2026-09-28 15:48:24
hub50-ins-K8,gtx-cons,0,5.3228,131072,9079,0,586076,462500,24624855.7,110107703.7,517.12,960.51,1605.63,0.00,0.00,431766136,1724,1890,5465,0,0,0,0,0,390,62385,1158387,822,-,0,--V 1048576 --N 131072 --K 8 --init 4000000 --src hub --hub 0.5 --pins 1,2026-09-28 15:48:27
hub50-ins-K8,gtx-cons,1,5.9208,131072,9050,0,586076,462500,22137669.4,98986486.4,525.31,1108.99,1875.97,0.00,0.00,431746792,1735,1846,5469,0,0,0,0,0,370,62380,1158101,841,-,0,--V 1048576 --N 131072 --K 8 --init 4000000 --src hub --hub 0.5 --pins 1,2026-09-28 15:48:27
hub50-ins-K8,gtx-cons,2,5.3484,131072,9196,0,586076,462500,24506988.5,109580671.7,520.19,971.78,1608.70,0.00,0.00,431767984,1740,1888,5568,0,0,0,0,0,358,62387,1158955,822,-,0,--V 1048576 --N 131072 --K 8 --init 4000000 --src hub --hub 0.5 --pins 1,2026-09-28 15:48:27
hub50-ins-K8,gtx-cons,3,5.8900,131072,9143,0,586076,462500,22253129.2,99502754.0,526.34,1123.33,2092.03,0.00,0.00,431752880,1744,1856,5543,0,0,0,0,0,378,62383,1158751,832,-,0,--V 1048576 --N 131072 --K 8 --init 4000000 --src hub --hub 0.5 --pins 1,2026-09-28 15:48:27
hub50-ins-K8,gtx-cons,4,6.3089,131072,9047,0,586076,462500,20775847.7,92897229.9,536.58,1143.81,2097.15,0.00,0.00,431723400,1752,1826,5469,0,0,0,0,0,388,62368,1158129,829,-,0,--V 1048576 --N 131072 --K 8 --init 4000000 --src hub --hub 0.5 --pins 1,2026-09-28 15:48:27
hub50-ins-K8,2pl,-1,DNF>90000,,,,,,,,,,,,,,,,,,,,,,,,,,,,--V 1048576 --N 131072 --K 8 --init 4000000 --src hub --hub 0.5 --pins 1,2026-09-28 15:49:57
hub50-ins-K8,stm,0,1731.0627,72401,239124919,58671,312987,266221,41824.6,180806.3,2115.58,3955.71,570339.33,0.00,0.00,82993824,0,0,0,0,0,0,2453600,236671319,2453600,0,0,0,-,0,--V 1048576 --N 131072 --K 8 --init 4000000 --src hub --hub 0.5 --pins 1,2026-09-28 15:50:09
hub50-ins-K8,stm,1,1560.5032,72419,239030202,58653,313037,266315,46407.5,200600.0,1848.32,3501.06,524751.87,0.00,0.00,82993824,0,0,0,0,0,0,2284556,236745646,2284556,0,0,0,-,0,--V 1048576 --N 131072 --K 8 --init 4000000 --src hub --hub 0.5 --pins 1,2026-09-28 15:50:09
hub50-ins-K8,stm,2,1556.2485,72439,239108195,58633,313164,266348,46547.2,201230.1,1878.02,3580.93,535891.97,0.00,0.00,82993824,0,0,0,0,0,0,2229492,236878703,2229492,0,0,0,-,0,--V 1048576 --N 131072 --K 8 --init 4000000 --src hub --hub 0.5 --pins 1,2026-09-28 15:50:09
hub50-ins-K8,stm,3,1560.0189,72423,239052531,58649,313068,266316,46424.4,200682.2,1832.96,3512.32,518539.26,0.00,0.00,82993824,0,0,0,0,0,0,2262136,236790395,2262136,0,0,0,-,0,--V 1048576 --N 131072 --K 8 --init 4000000 --src hub --hub 0.5 --pins 1,2026-09-28 15:50:09
hub50-ins-K8,stm,4,1564.0217,72363,239157023,58709,312915,265989,46267.3,200070.7,1832.96,3491.84,519225.34,0.00,0.00,82993824,0,0,0,0,0,0,2262965,236894058,2262965,0,0,0,-,0,--V 1048576 --N 131072 --K 8 --init 4000000 --src hub --hub 0.5 --pins 1,2026-09-28 15:50:09
hub50-ins-K8,stm-nodeg,0,5.4897,131072,44668,0,586076,462500,23876142.2,106759902.2,811.01,2055.17,3084.29,0.00,0.00,82993824,0,0,0,0,0,0,975,43693,975,0,0,0,-,0,--V 1048576 --N 131072 --K 8 --init 4000000 --src hub --hub 0.5 --pins 1,2026-09-28 15:50:11
hub50-ins-K8,stm-nodeg,1,5.4702,131072,44365,0,586076,462500,23961062.5,107139615.5,808.96,2058.24,3070.98,0.00,0.00,82993824,0,0,0,0,0,0,989,43376,989,0,0,0,-,0,--V 1048576 --N 131072 --K 8 --init 4000000 --src hub --hub 0.5 --pins 1,2026-09-28 15:50:11
hub50-ins-K8,stm-nodeg,2,5.5572,131072,44285,0,586076,462500,23585774.3,105461550.0,811.01,2066.43,3116.03,0.00,0.00,82993824,0,0,0,0,0,0,965,43320,965,0,0,0,-,0,--V 1048576 --N 131072 --K 8 --init 4000000 --src hub --hub 0.5 --pins 1,2026-09-28 15:50:11
hub50-ins-K8,stm-nodeg,3,6.0508,131072,44298,0,586076,462500,21662100.3,96860024.0,811.01,2059.26,3081.22,0.00,0.00,82993824,0,0,0,0,0,0,1013,43285,1013,0,0,0,-,0,--V 1048576 --N 131072 --K 8 --init 4000000 --src hub --hub 0.5 --pins 1,2026-09-28 15:50:11
hub50-ins-K8,stm-nodeg,4,6.1594,131072,44209,0,586076,462500,21280133.2,95152094.8,861.18,2462.72,3644.42,0.00,0.00,82993824,0,0,0,0,0,0,1016,43193,1016,0,0,0,-,0,--V 1048576 --N 131072 --K 8 --init 4000000 --src hub --hub 0.5 --pins 1,2026-09-28 15:50:11
hub50-ins-K8,nontx,0,1.7715,131072,0,0,586076,462500,73988438.5,330832276.2,294.91,558.08,731.14,0.00,0.00,82993824,0,0,0,0,0,0,0,0,0,0,0,0,-,0,--V 1048576 --N 131072 --K 8 --init 4000000 --src hub --hub 0.5 --pins 1,2026-09-28 15:50:12
hub50-ins-K8,nontx,1,1.7603,131072,0,0,586076,462500,74461894.3,332949288.4,292.86,545.79,710.66,0.00,0.00,82993824,0,0,0,0,0,0,0,0,0,0,0,0,-,0,--V 1048576 --N 131072 --K 8 --init 4000000 --src hub --hub 0.5 --pins 1,2026-09-28 15:50:12
hub50-ins-K8,nontx,2,1.7603,131072,0,0,586076,462500,74461894.3,332949288.4,293.89,549.89,702.46,0.00,0.00,82993824,0,0,0,0,0,0,0,0,0,0,0,0,-,0,--V 1048576 --N 131072 --K 8 --init 4000000 --src hub --hub 0.5 --pins 1,2026-09-28 15:50:12
hub50-ins-K8,nontx,3,1.7551,131072,0,0,586076,462500,74679112.6,333920559.8,293.89,545.79,717.82,0.00,0.00,82993824,0,0,0,0,0,0,0,0,0,0,0,0,-,0,--V 1048576 --N 131072 --K 8 --init 4000000 --src hub --hub 0.5 --pins 1,2026-09-28 15:50:12
hub50-ins-K8,nontx,4,1.7838,131072,0,0,586076,462500,73478760.3,328553298.5,296.96,570.37,717.82,0.00,0.00,82993824,0,0,0,0,0,0,0,0,0,0,0,0,-,0,--V 1048576 --N 131072 --K 8 --init 4000000 --src hub --hub 0.5 --pins 1,2026-09-28 15:50:12
uniform-ins-K32,gtx,0,7.4076,32768,0,0,1048574,2,4423555.3,141553501.2,3056.64,3691.52,3861.50,0.00,0.00,516144320,0,0,0,0,0,0,0,0,348,56796,1105507,923,-,0,--V 1048576 --N 32768 --K 32 --init 4000000 --pins 1,2026-09-28 15:50:15
uniform-ins-K32,gtx,1,7.8080,32768,0,0,1048574,2,4196721.3,134294824.3,2964.48,3572.74,3720.19,0.00,0.00,516144320,0,0,0,0,0,0,0,0,358,56796,1105501,903,-,0,--V 1048576 --N 32768 --K 32 --init 4000000 --pins 1,2026-09-28 15:50:15
uniform-ins-K32,gtx,2,7.2663,32768,0,0,1048574,2,4509582.9,144306376.1,2913.28,3416.06,3565.57,0.00,0.00,516144320,0,0,0,0,0,0,0,0,323,56796,1105513,890,-,0,--V 1048576 --N 32768 --K 32 --init 4000000 --pins 1,2026-09-28 15:50:15
uniform-ins-K32,gtx,3,7.4394,32768,0,0,1048574,2,4404679.9,140949487.6,3031.04,3741.70,3872.77,0.00,0.00,516144320,0,0,0,0,0,0,0,0,334,56796,1105500,890,-,0,--V 1048576 --N 32768 --K 32 --init 4000000 --pins 1,2026-09-28 15:50:15
uniform-ins-K32,gtx,4,7.7087,32768,0,0,1048574,2,4250797.0,136025244.5,3055.62,3598.34,3725.31,0.00,0.00,516144320,0,0,0,0,0,0,0,0,346,56796,1105510,890,-,0,--V 1048576 --N 32768 --K 32 --init 4000000 --pins 1,2026-09-28 15:50:15
uniform-ins-K32,gtx-cons,0,13.5137,32768,27297,0,1048574,2,2424793.5,77593243.6,2886.66,9917.44,11712.51,0.00,0.00,655950472,0,0,27297,0,0,0,0,0,316,115744,1662616,2874,-,0,--V 1048576 --N 32768 --K 32 --init 4000000 --pins 1,2026-09-28 15:50:17
uniform-ins-K32,gtx-cons,1,13.1512,32768,27211,0,1048574,2,2491629.7,79731999.2,2953.22,9584.64,11305.98,0.00,0.00,654466968,0,0,27211,0,0,0,0,0,281,115095,1655887,2725,-,0,--V 1048576 --N 32768 --K 32 --init 4000000 --pins 1,2026-09-28 15:50:17
uniform-ins-K32,gtx-cons,2,12.9700,32768,27299,0,1048574,2,2526448.7,80846205.8,2501.63,9500.67,11253.76,0.00,0.00,655729360,0,0,27299,0,0,0,0,0,281,115641,1661904,2821,-,0,--V 1048576 --N 32768 --K 32 --init 4000000 --pins 1,2026-09-28 15:50:17
uniform-ins-K32,gtx-cons,3,13.7820,32768,27260,0,1048574,2,2377591.2,76082774.5,2869.25,9719.81,11701.25,0.00,0.00,655058256,0,0,27260,0,0,0,0,0,291,115361,1660263,3001,-,0,--V 1048576 --N 32768 --K 32 --init 4000000 --pins 1,2026-09-28 15:50:17
uniform-ins-K32,gtx-cons,4,13.3591,32768,27279,0,1048574,2,2452859.1,78491341.0,2491.39,9198.59,11382.78,0.00,0.00,654984048,0,0,27279,0,0,0,0,0,306,115307,1659244,2978,-,0,--V 1048576 --N 32768 --K 32 --init 4000000 --pins 1,2026-09-28 15:50:17
uniform-ins-K32,2pl,0,11.6726,32768,0,0,1048574,2,2807263.8,89832270.5,6757.38,10377.22,10919.94,0.00,0.00,84360768,0,0,0,0,0,0,0,0,32570286,0,0,0,-,0,--V 1048576 --N 32768 --K 32 --init 4000000 --pins 1,2026-09-28 15:50:19
uniform-ins-K32,2pl,1,11.5231,32768,0,0,1048574,2,2843686.1,90997780.6,6548.48,9776.13,10363.90,0.00,0.00,84360768,0,0,0,0,0,0,0,0,32441243,0,0,0,-,0,--V 1048576 --N 32768 --K 32 --init 4000000 --pins 1,2026-09-28 15:50:19
uniform-ins-K32,2pl,2,11.2660,32768,0,0,1048574,2,2908562.0,93073805.5,6418.43,9722.88,10251.26,0.00,0.00,84360768,0,0,0,0,0,0,0,0,32263063,0,0,0,-,0,--V 1048576 --N 32768 --K 32 --init 4000000 --pins 1,2026-09-28 15:50:19
uniform-ins-K32,2pl,3,11.4637,32768,0,0,1048574,2,2858418.9,91469229.4,6069.25,9272.32,9833.47,0.00,0.00,84360768,0,0,0,0,0,0,0,0,31946393,0,0,0,-,0,--V 1048576 --N 32768 --K 32 --init 4000000 --pins 1,2026-09-28 15:50:19
uniform-ins-K32,2pl,4,11.5896,32768,0,0,1048574,2,2827354.6,90475176.2,6745.09,9948.16,10480.64,0.00,0.00,84360768,0,0,0,0,0,0,0,0,32373461,0,0,0,-,0,--V 1048576 --N 32768 --K 32 --init 4000000 --pins 1,2026-09-28 15:50:19
uniform-ins-K32,stm,0,764.9597,32768,11478819,0,1048574,2,42836.2,1370757.1,476844.03,733433.86,752999.42,0.00,0.00,84360768,0,0,0,0,0,0,107615,11371204,107615,0,0,0,-,0,--V 1048576 --N 32768 --K 32 --init 4000000 --pins 1,2026-09-28 15:50:25
uniform-ins-K32,stm,1,648.3333,32768,11447114,0,1048574,2,50541.9,1617337.8,405837.82,619908.10,637503.49,0.00,0.00,84360768,0,0,0,0,0,0,106893,11340221,106893,0,0,0,-,0,--V 1048576 --N 32768 --K 32 --init 4000000 --pins 1,2026-09-28 15:50:25
uniform-ins-K32,stm,2,573.9427,32768,11388427,0,1048574,2,57092.8,1826966.4,358277.12,549632.00,565093.38,0.00,0.00,84360768,0,0,0,0,0,0,106519,11281908,106519,0,0,0,-,0,--V 1048576 --N 32768 --K 32 --init 4000000 --pins 1,2026-09-28 15:50:25
uniform-ins-K32,stm,3,524.5389,32768,11360768,0,1048574,2,62470.1,1999039.6,330731.52,502364.16,515830.78,0.00,0.00,84360768,0,0,0,0,0,0,106526,11254242,106526,0,0,0,-,0,--V 1048576 --N 32768 --K 32 --init 4000000 --pins 1,2026-09-28 15:50:25
uniform-ins-K32,stm,4,484.5507,32768,11345798,0,1048574,2,67625.5,2164013.2,310640.64,466322.43,477318.14,0.00,0.00,84360768,0,0,0,0,0,0,105327,11240471,105327,0,0,0,-,0,--V 1048576 --N 32768 --K 32 --init 4000000 --pins 1,2026-09-28 15:50:25
uniform-ins-K32,stm-nodeg,0,85.7467,32768,785900,0,1048574,2,382148.9,12228740.4,46446.59,78778.37,82828.29,0.00,0.00,84360768,0,0,0,0,0,0,54862,731038,54862,0,0,0,-,0,--V 1048576 --N 32768 --K 32 --init 4000000 --pins 1,2026-09-28 15:50:27
uniform-ins-K32,stm-nodeg,1,87.1752,32768,787874,0,1048574,2,375886.8,12028356.1,46566.40,78715.90,83259.39,0.00,0.00,84360768,0,0,0,0,0,0,55032,732842,55032,0,0,0,-,0,--V 1048576 --N 32768 --K 32 --init 4000000 --pins 1,2026-09-28 15:50:27
uniform-ins-K32,stm-nodeg,2,85.1446,32768,782153,0,1048574,2,384851.3,12315217.7,44883.97,76786.69,80183.30,0.00,0.00,84360768,0,0,0,0,0,0,55265,726888,55265,0,0,0,-,0,--V 1048576 --N 32768 --K 32 --init 4000000 --pins 1,2026-09-28 15:50:27
uniform-ins-K32,stm-nodeg,3,83.7489,32768,777475,0,1048574,2,391265.0,12520456.5,44874.75,76692.48,80319.49,0.00,0.00,84360768,0,0,0,0,0,0,54848,722627,54848,0,0,0,-,0,--V 1048576 --N 32768 --K 32 --init 4000000 --pins 1,2026-09-28 15:50:27
uniform-ins-K32,stm-nodeg,4,84.7012,32768,786097,0,1048574,2,386865.9,12379684.8,44207.10,76185.60,80623.62,0.00,0.00,84360768,0,0,0,0,0,0,55035,731062,55035,0,0,0,-,0,--V 1048576 --N 32768 --K 32 --init 4000000 --pins 1,2026-09-28 15:50:27
uniform-ins-K32,nontx,0,2.1955,32768,0,0,1048574,2,14925372.9,477611023.2,1575.94,1980.42,2018.30,0.00,0.00,84360768,0,0,0,0,0,0,0,0,0,0,0,0,-,0,--V 1048576 --N 32768 --K 32 --init 4000000 --pins 1,2026-09-28 15:50:29
uniform-ins-K32,nontx,1,2.8826,32768,0,0,1048574,2,11367673.1,363764846.1,2247.68,2672.64,2715.65,0.00,0.00,84360768,0,0,0,0,0,0,0,0,0,0,0,0,-,0,--V 1048576 --N 32768 --K 32 --init 4000000 --pins 1,2026-09-28 15:50:29
uniform-ins-K32,nontx,2,2.2026,32768,0,0,1048574,2,14876800.9,476056721.8,1561.60,1970.18,2018.30,0.00,0.00,84360768,0,0,0,0,0,0,0,0,0,0,0,0,-,0,--V 1048576 --N 32768 --K 32 --init 4000000 --pins 1,2026-09-28 15:50:29
uniform-ins-K32,nontx,3,2.1821,32768,0,0,1048574,2,15016424.7,480524674.5,1567.74,1984.51,2023.42,0.00,0.00,84360768,0,0,0,0,0,0,0,0,0,0,0,0,-,0,--V 1048576 --N 32768 --K 32 --init 4000000 --pins 1,2026-09-28 15:50:29
uniform-ins-K32,nontx,4,2.1729,32768,0,0,1048574,2,15080112.4,482562677.7,1547.26,1953.79,1994.75,0.00,0.00,84360768,0,0,0,0,0,0,0,0,0,0,0,0,-,0,--V 1048576 --N 32768 --K 32 --init 4000000 --pins 1,2026-09-28 15:50:29
hub50-ins-K32,gtx,0,7.9135,32768,11438,0,584987,463589,4140786.7,73922923.7,1798.14,4997.12,6522.88,0.00,0.00,433773624,6783,4655,0,0,0,0,0,0,410,63544,781297,2177,-,0,--V 1048576 --N 32768 --K 32 --init 4000000 --src hub --hub 0.5 --pins 1,2026-09-28 15:50:31
hub50-ins-K32,gtx,1,7.8193,32768,11557,0,584987,463589,4190675.8,74813563.6,1797.12,5007.36,6477.82,0.00,0.00,433732528,6828,4729,0,0,0,0,0,0,417,63526,782907,2128,-,0,--V 1048576 --N 32768 --K 32 --init 4000000 --src hub --hub 0.5 --pins 1,2026-09-28 15:50:31
hub50-ins-K32,gtx,2,7.8930,32768,11445,0,584987,463589,4151530.9,74114733.5,1798.14,5003.26,6484.99,0.00,0.00,433649872,6812,4633,0,0,0,0,0,0,420,63491,780446,2147,-,0,--V 1048576 --N 32768 --K 32 --init 4000000 --src hub --hub 0.5 --pins 1,2026-09-28 15:50:31
hub50-ins-K32,gtx,3,8.6764,32768,11503,0,584987,463589,3776702.7,67423155.6,2140.16,5330.94,6877.18,0.00,0.00,433699392,6838,4665,0,0,0,0,0,0,445,63512,781837,2347,-,0,--V 1048576 --N 32768 --K 32 --init 4000000 --src hub --hub 0.5 --pins 1,2026-09-28 15:50:31
hub50-ins-K32,gtx,4,8.3497,32768,11408,0,584987,463589,3924454.2,70060872.7,2142.21,5336.06,6863.87,0.00,0.00,433623880,6778,4630,0,0,0,0,0,0,433,63480,779797,2173,-,0,--V 1048576 --N 32768 --K 32 --init 4000000 --src hub --hub 0.5 --pins 1,2026-09-28 15:50:31
hub50-ins-K32,gtx-cons,0,10.9476,32768,24199,0,584987,463589,2993171.8,53435259.5,2481.15,8049.66,9548.80,0.00,0.00,442442392,6561,3390,14248,0,0,0,0,0,417,67118,1552211,2605,-,0,--V 1048576 --N 32768 --K 32 --init 4000000 --src hub --hub 0.5 --pins 1,2026-09-28 15:50:33
hub50-ins-K32,gtx-cons,1,10.5267,32768,24226,0,584987,463589,3112840.5,55571630.8,2330.62,7567.36,9012.22,0.00,0.00,442507160,6595,3365,14266,0,0,0,0,0,398,67149,1551747,2675,-,0,--V 1048576 --N 32768 --K 32 --init 4000000 --src hub --hub 0.5 --pins 1,2026-09-28 15:50:33
hub50-ins-K32,gtx-cons,2,10.4806,32768,24271,0,584987,463589,3126526.5,55815959.4,1953.79,7172.10,8630.27,0.00,0.00,442581312,6569,3350,14352,0,0,0,0,0,444,67179,1553590,2865,-,0,--V 1048576 --N 32768 --K 32 --init 4000000 --src hub --hub 0.5 --pins 1,2026-09-28 15:50:33
hub50-ins-K32,gtx-cons,3,10.4489,32768,24297,0,584987,463589,3136025.0,55985529.7,1952.77,7199.74,8588.29,0.00,0.00,442564312,6595,3399,14303,0,0,0,0,0,427,67173,1553697,2616,-,0,--V 1048576 --N 32768 --K 32 --init 4000000 --src hub --hub 0.5 --pins 1,2026-09-28 15:50:33
hub50-ins-K32,gtx-cons,4,10.5554,32768,24217,0,584987,463589,3104384.9,55420678.4,1929.22,7220.22,9071.62,0.00,0.00,442767520,6572,3371,14274,0,0,0,0,0,419,67256,1551540,2641,-,0,--V 1048576 --N 32768 --K 32 --init 4000000 --src hub --hub 0.5 --pins 1,2026-09-28 15:50:33
hub50-ins-K32,2pl,-1,DNF>90000,,,,,,,,,,,,,,,,,,,,,,,,,,,,--V 1048576 --N 32768 --K 32 --init 4000000 --src hub --hub 0.5 --pins 1,2026-09-28 15:52:03
hub50-ins-K32,stm,0,4471.4795,3904,118814793,28864,67102,57826,873.1,15006.7,29096.96,4298138.62,4439448.58,0.00,0.00,82991680,0,0,0,0,0,0,3091261,115723532,3091261,0,0,0,-,0,--V 1048576 --N 32768 --K 32 --init 4000000 --src hub --hub 0.5 --pins 1,2026-09-28 15:52:33
hub50-ins-K32,stm,1,4458.4385,3950,118748939,28818,68065,58335,886.0,15266.6,30577.66,4302709.76,4425996.29,0.00,0.00,82991680,0,0,0,0,0,0,3146745,115602194,3146745,0,0,0,-,0,--V 1048576 --N 32768 --K 32 --init 4000000 --src hub --hub 0.5 --pins 1,2026-09-28 15:52:33
hub50-ins-K32,stm,2,4463.6353,3923,118736095,28845,67486,58050,878.9,15119.1,31201.28,4294257.66,4432823.30,0.00,0.00,82991680,0,0,0,0,0,0,3246936,115489159,3246936,0,0,0,-,0,--V 1048576 --N 32768 --K 32 --init 4000000 --src hub --hub 0.5 --pins 1,2026-09-28 15:52:33
hub50-ins-K32,stm,3,4465.5894,3953,118771436,28815,68066,58430,885.2,15242.3,29492.22,4312283.14,4442225.66,0.00,0.00,82991680,0,0,0,0,0,0,3213840,115557596,3213840,0,0,0,-,0,--V 1048576 --N 32768 --K 32 --init 4000000 --src hub --hub 0.5 --pins 1,2026-09-28 15:52:33
hub50-ins-K32,stm,4,4493.0210,3854,118806997,28914,66302,57026,857.8,14756.7,30885.89,4319775.74,4462502.91,0.00,0.00,82991680,0,0,0,0,0,0,3242605,115564392,3242605,0,0,0,-,0,--V 1048576 --N 32768 --K 32 --init 4000000 --src hub --hub 0.5 --pins 1,2026-09-28 15:52:33
hub50-ins-K32,stm-nodeg,0,32.4884,32768,287883,0,584987,463589,1008604.6,18005999.6,17287.17,29300.74,30807.04,0.00,0.00,82991680,0,0,0,0,0,0,32156,255727,32156,0,0,0,-,0,--V 1048576 --N 32768 --K 32 --init 4000000 --src hub --hub 0.5 --pins 1,2026-09-28 15:52:35
hub50-ins-K32,stm-nodeg,1,32.4209,32768,287698,0,584987,463589,1010707.2,18043535.1,17371.14,29214.72,30685.18,0.00,0.00,82991680,0,0,0,0,0,0,32186,255512,32186,0,0,0,-,0,--V 1048576 --N 32768 --K 32 --init 4000000 --src hub --hub 0.5 --pins 1,2026-09-28 15:52:35
hub50-ins-K32,stm-nodeg,2,32.3717,32768,287119,0,584987,463589,1012241.8,18070932.0,17364.99,28755.97,30786.56,0.00,0.00,82991680,0,0,0,0,0,0,32384,254735,32384,0,0,0,-,0,--V 1048576 --N 32768 --K 32 --init 4000000 --src hub --hub 0.5 --pins 1,2026-09-28 15:52:35
hub50-ins-K32,stm-nodeg,3,32.1700,32768,286514,0,584987,463589,1018589.3,18184249.6,17331.20,28836.86,30670.85,0.00,0.00,82991680,0,0,0,0,0,0,32270,254244,32270,0,0,0,-,0,--V 1048576 --N 32768 --K 32 --init 4000000 --src hub --hub 0.5 --pins 1,2026-09-28 15:52:35
hub50-ins-K32,stm-nodeg,4,32.2284,32768,285223,0,584987,463589,1016744.5,18151316.2,17311.74,28593.15,30139.39,0.00,0.00,82991680,0,0,0,0,0,0,32224,252999,32224,0,0,0,-,0,--V 1048576 --N 32768 --K 32 --init 4000000 --src hub --hub 0.5 --pins 1,2026-09-28 15:52:35
hub50-ins-K32,nontx,0,2.3306,32768,0,0,584987,463589,14059753.3,251000150.2,1235.97,2189.31,2223.10,0.00,0.00,82991680,0,0,0,0,0,0,0,0,0,0,0,0,-,0,--V 1048576 --N 32768 --K 32 --init 4000000 --src hub --hub 0.5 --pins 1,2026-09-28 15:52:36
hub50-ins-K32,nontx,1,2.2200,32768,0,0,584987,463589,14760147.8,263503862.2,1645.57,2075.65,2104.32,0.00,0.00,82991680,0,0,0,0,0,0,0,0,0,0,0,0,-,0,--V 1048576 --N 32768 --K 32 --init 4000000 --src hub --hub 0.5 --pins 1,2026-09-28 15:52:36
hub50-ins-K32,nontx,2,1.7705,32768,0,0,584987,463589,18507807.9,330408538.9,1212.42,1643.52,1679.36,0.00,0.00,82991680,0,0,0,0,0,0,0,0,0,0,0,0,-,0,--V 1048576 --N 32768 --K 32 --init 4000000 --src hub --hub 0.5 --pins 1,2026-09-28 15:52:36
hub50-ins-K32,nontx,3,1.7951,32768,0,0,584987,463589,18254421.4,325884985.8,1218.56,1653.76,1684.48,0.00,0.00,82991680,0,0,0,0,0,0,0,0,0,0,0,0,-,0,--V 1048576 --N 32768 --K 32 --init 4000000 --src hub --hub 0.5 --pins 1,2026-09-28 15:52:36
hub50-ins-K32,nontx,4,1.7674,32768,0,0,584987,463589,18539977.0,330982833.9,1211.39,1651.71,1678.34,0.00,0.00,82991680,0,0,0,0,0,0,0,0,0,0,0,0,-,0,--V 1048576 --N 32768 --K 32 --init 4000000 --src hub --hub 0.5 --pins 1,2026-09-28 15:52:36
uniform-churn-K4,gtx,0,7.2120,262144,6499,0,1017394,31182,36348147.9,141068983.4,362.50,909.31,1059.84,0.00,0.00,567365624,2884,3615,0,0,0,0,0,0,500,73191,1139879,598,-,0,--V 1048576 --N 262144 --K 4 --init 4000000 --pins .5 --pdel .5,2026-09-28 15:52:39
uniform-churn-K4,gtx,1,7.0021,262144,6466,0,1017412,31164,37437847.8,145300734.0,363.52,730.11,1058.82,0.00,0.00,567327984,2910,3556,0,0,0,0,0,0,488,73175,1139807,581,-,0,--V 1048576 --N 262144 --K 4 --init 4000000 --pins .5 --pdel .5,2026-09-28 15:52:39
uniform-churn-K4,gtx,2,6.6447,262144,6525,0,1017420,31156,39451380.4,153116697.0,361.47,420.86,1018.88,0.00,0.00,567419560,2941,3584,0,0,0,0,0,0,513,73214,1139980,578,-,0,--V 1048576 --N 262144 --K 4 --init 4000000 --pins .5 --pdel .5,2026-09-28 15:52:39
uniform-churn-K4,gtx,3,6.6345,262144,6480,0,1017411,31165,39512269.1,153351658.9,360.45,422.91,1021.95,0.00,0.00,567356128,2935,3545,0,0,0,0,0,0,533,73187,1139863,591,-,0,--V 1048576 --N 262144 --K 4 --init 4000000 --pins .5 --pdel .5,2026-09-28 15:52:39
uniform-churn-K4,gtx,4,7.1670,262144,6477,0,1017397,31179,36576653.9,141956245.4,363.52,894.98,1040.38,0.00,0.00,567405160,2898,3579,0,0,0,0,0,0,525,73208,1139887,587,-,0,--V 1048576 --N 262144 --K 4 --init 4000000 --pins .5 --pdel .5,2026-09-28 15:52:39
uniform-churn-K4,gtx-cons,0,7.1465,262144,11585,0,1017344,31232,36681473.9,142355641.9,359.42,750.59,1119.23,0.00,0.00,575185736,2881,3457,5247,0,0,0,0,0,507,75725,1156710,601,-,0,--V 1048576 --N 262144 --K 4 --init 4000000 --pins .5 --pdel .5,2026-09-28 15:52:41
uniform-churn-K4,gtx-cons,1,7.3349,262144,11681,0,1017344,31232,35739216.3,138698872.5,359.42,912.38,1140.74,0.00,0.00,575301312,2875,3504,5302,0,0,0,0,0,565,75762,1156998,591,-,0,--V 1048576 --N 262144 --K 4 --init 4000000 --pins .5 --pdel .5,2026-09-28 15:52:41
uniform-churn-K4,gtx-cons,2,7.1404,262144,11645,0,1017337,31239,36713037.2,142477154.1,359.42,735.23,1123.33,0.00,0.00,575214560,2890,3489,5266,0,0,0,0,0,521,75730,1156724,598,-,0,--V 1048576 --N 262144 --K 4 --init 4000000 --pins .5 --pdel .5,2026-09-28 15:52:41
uniform-churn-K4,gtx-cons,3,7.1660,262144,11593,0,1017326,31250,36581879.5,141966618.1,357.38,440.32,1086.46,0.00,0.00,575108744,2855,3475,5263,0,0,0,0,0,530,75680,1156607,620,-,0,--V 1048576 --N 262144 --K 4 --init 4000000 --pins .5 --pdel .5,2026-09-28 15:52:41
uniform-churn-K4,gtx-cons,4,7.3595,262144,11568,0,1017347,31229,35619869.2,138236110.8,359.42,919.55,1131.52,0.00,0.00,575141232,2901,3444,5223,0,0,0,0,0,508,75688,1156657,607,-,0,--V 1048576 --N 262144 --K 4 --init 4000000 --pins .5 --pdel .5,2026-09-28 15:52:41
uniform-churn-K4,2pl,0,3.6157,262144,0,0,1017390,31186,72500705.7,281377765.7,309.25,600.06,825.34,0.00,0.00,79574112,0,0,0,0,0,0,0,0,544783,0,0,0,-,0,--V 1048576 --N 262144 --K 4 --init 4000000 --pins .5 --pdel .5,2026-09-28 15:52:43
uniform-churn-K4,2pl,1,4.3069,262144,0,0,1017343,31233,60865431.8,236209949.6,321.54,948.22,1167.36,0.00,0.00,79574112,0,0,0,0,0,0,0,0,550930,0,0,0,-,0,--V 1048576 --N 262144 --K 4 --init 4000000 --pins .5 --pdel .5,2026-09-28 15:52:43
uniform-churn-K4,2pl,2,3.6762,262144,0,0,1017347,31229,71309190.3,276741755.8,308.22,600.06,826.37,0.00,0.00,79574112,0,0,0,0,0,0,0,0,548909,0,0,0,-,0,--V 1048576 --N 262144 --K 4 --init 4000000 --pins .5 --pdel .5,2026-09-28 15:52:43
uniform-churn-K4,2pl,3,4.0315,262144,0,0,1017361,31215,65024131.0,252353725.2,317.44,783.36,1053.70,0.00,0.00,79574112,0,0,0,0,0,0,0,0,549753,0,0,0,-,0,--V 1048576 --N 262144 --K 4 --init 4000000 --pins .5 --pdel .5,2026-09-28 15:52:43
uniform-churn-K4,2pl,4,3.6557,262144,0,0,1017397,31179,71708684.6,278305819.0,309.25,601.09,828.42,0.00,0.00,79574112,0,0,0,0,0,0,0,0,547779,0,0,0,-,0,--V 1048576 --N 262144 --K 4 --init 4000000 --pins .5 --pdel .5,2026-09-28 15:52:43
uniform-churn-K4,stm,0,16.9861,262144,232534,0,1016708,31868,15432842.5,59855249.1,1224.70,3918.85,6300.67,0.00,0.00,79574112,0,0,0,0,0,0,15303,217231,15303,0,0,0,-,0,--V 1048576 --N 262144 --K 4 --init 4000000 --pins .5 --pdel .5,2026-09-28 15:52:46
uniform-churn-K4,stm,1,17.0015,262144,230828,0,1016710,31866,15418899.8,59801290.8,1249.28,3986.43,6339.58,0.00,0.00,79574112,0,0,0,0,0,0,15012,215816,15012,0,0,0,-,0,--V 1048576 --N 262144 --K 4 --init 4000000 --pins .5 --pdel .5,2026-09-28 15:52:46
uniform-churn-K4,stm,2,16.9708,262144,231467,0,1016735,31841,15446810.4,59911013.8,1248.26,3965.95,6284.29,0.00,0.00,79574112,0,0,0,0,0,0,14883,216584,14883,0,0,0,-,0,--V 1048576 --N 262144 --K 4 --init 4000000 --pins .5 --pdel .5,2026-09-28 15:52:46
uniform-churn-K4,stm,3,16.9923,262144,231543,0,1016723,31853,15427262.7,59834491.1,1236.99,3921.92,6338.56,0.00,0.00,79574112,0,0,0,0,0,0,14733,216810,14733,0,0,0,-,0,--V 1048576 --N 262144 --K 4 --init 4000000 --pins .5 --pdel .5,2026-09-28 15:52:46
uniform-churn-K4,stm,4,16.9247,262144,231319,0,1016747,31829,15488868.1,60074845.2,1246.21,4012.03,6262.78,0.00,0.00,79574112,0,0,0,0,0,0,14666,216653,14666,0,0,0,-,0,--V 1048576 --N 262144 --K 4 --init 4000000 --pins .5 --pdel .5,2026-09-28 15:52:46
uniform-churn-K4,stm-nodeg,0,5.9392,262144,43799,0,1017359,31217,44137931.6,171295631.2,488.45,1120.26,1689.60,0.00,0.00,79574112,0,0,0,0,0,0,92,43707,92,0,0,0,-,0,--V 1048576 --N 262144 --K 4 --init 4000000 --pins .5 --pdel .5,2026-09-28 15:52:48
uniform-churn-K4,stm-nodeg,1,5.9105,262144,43620,0,1017317,31259,44352043.0,172119473.7,489.47,1124.35,1694.72,0.00,0.00,79574112,0,0,0,0,0,0,103,43517,103,0,0,0,-,0,--V 1048576 --N 262144 --K 4 --init 4000000 --pins .5 --pdel .5,2026-09-28 15:52:48
uniform-churn-K4,stm-nodeg,2,6.5526,262144,43756,0,1017394,31182,40006250.6,155266263.2,515.07,1316.86,1935.36,0.00,0.00,79574112,0,0,0,0,0,0,89,43667,89,0,0,0,-,0,--V 1048576 --N 262144 --K 4 --init 4000000 --pins .5 --pdel .5,2026-09-28 15:52:48
uniform-churn-K4,stm-nodeg,3,6.3212,262144,43933,0,1017378,31198,41470920.4,160948188.9,515.07,1216.51,1833.98,0.00,0.00,79574112,0,0,0,0,0,0,102,43831,102,0,0,0,-,0,--V 1048576 --N 262144 --K 4 --init 4000000 --pins .5 --pdel .5,2026-09-28 15:52:48
uniform-churn-K4,stm-nodeg,4,6.5546,262144,43779,0,1017361,31215,39993750.5,155212715.1,515.07,1314.82,1940.48,0.00,0.00,79574112,0,0,0,0,0,0,85,43694,85,0,0,0,-,0,--V 1048576 --N 262144 --K 4 --init 4000000 --pins .5 --pdel .5,2026-09-28 15:52:48
uniform-churn-K4,nontx,0,2.0541,262144,0,0,1017038,31538,127617154.4,495115263.0,175.10,278.53,333.82,0.00,0.00,79574112,0,0,0,0,0,0,0,0,0,0,0,0,-,0,--V 1048576 --N 262144 --K 4 --init 4000000 --pins .5 --pdel .5,2026-09-28 15:52:50
uniform-churn-K4,nontx,1,2.0521,262144,0,0,1017059,31517,127744517.8,495619627.2,175.10,276.48,332.80,0.00,0.00,79574112,0,0,0,0,0,0,0,0,0,0,0,0,-,0,--V 1048576 --N 262144 --K 4 --init 4000000 --pins .5 --pdel .5,2026-09-28 15:52:50
uniform-churn-K4,nontx,2,2.0470,262144,0,0,1017039,31537,128064026.4,496849477.2,176.13,275.46,330.75,0.00,0.00,79574112,0,0,0,0,0,0,0,0,0,0,0,0,-,0,--V 1048576 --N 262144 --K 4 --init 4000000 --pins .5 --pdel .5,2026-09-28 15:52:50
uniform-churn-K4,nontx,3,2.0470,262144,0,0,1017042,31534,128064026.4,496850942.8,176.13,275.46,330.75,0.00,0.00,79574112,0,0,0,0,0,0,0,0,0,0,0,0,-,0,--V 1048576 --N 262144 --K 4 --init 4000000 --pins .5 --pdel .5,2026-09-28 15:52:50
uniform-churn-K4,nontx,4,2.7320,262144,0,0,1017053,31523,95952021.9,372269789.5,186.37,796.67,876.54,0.00,0.00,79574112,0,0,0,0,0,0,0,0,0,0,0,0,-,0,--V 1048576 --N 262144 --K 4 --init 4000000 --pins .5 --pdel .5,2026-09-28 15:52:50
rmat-churn-K4,gtx,0,7.1660,262144,6323,0,1017095,31481,36581879.5,141934382.3,370.69,730.11,1071.10,0.00,0.00,749939592,3085,3238,0,0,0,0,0,0,760,33524,1098411,1129,-,0,--V 1048576 --N 262144 --K 4 --init 4000000 --src rmat --pins .5 --pdel .5,2026-09-28 15:52:52
rmat-churn-K4,gtx,1,7.1967,262144,6336,0,1017078,31498,36425725.9,141326158.2,369.66,737.28,1073.15,0.00,0.00,750173168,3091,3245,0,0,0,0,0,0,759,33548,1098559,1136,-,0,--V 1048576 --N 262144 --K 4 --init 4000000 --src rmat --pins .5 --pdel .5,2026-09-28 15:52:52
rmat-churn-K4,gtx,2,7.1823,262144,6306,0,1017105,31471,36498432.5,141612007.7,370.69,740.35,1069.06,0.00,0.00,750216416,3088,3218,0,0,0,0,0,0,736,33539,1098369,1149,-,0,--V 1048576 --N 262144 --K 4 --init 4000000 --src rmat --pins .5 --pdel .5,2026-09-28 15:52:52
rmat-churn-K4,gtx,3,7.2069,262144,6345,0,1017086,31490,36374130.9,141127087.9,369.66,740.35,1065.98,0.00,0.00,750113176,3132,3213,0,0,0,0,0,0,783,33543,1098534,1148,-,0,--V 1048576 --N 262144 --K 4 --init 4000000 --src rmat --pins .5 --pdel .5,2026-09-28 15:52:52
rmat-churn-K4,gtx,4,6.8024,262144,6404,0,1017101,31475,38536805.3,149520199.7,368.64,425.98,1045.50,0.00,0.00,750116208,3098,3306,0,0,0,0,0,0,773,33551,1098670,1133,-,0,--V 1048576 --N 262144 --K 4 --init 4000000 --src rmat --pins .5 --pdel .5,2026-09-28 15:52:52
rmat-churn-K4,gtx-cons,0,7.2991,262144,12296,0,1017044,31532,35914703.6,139338813.1,363.52,733.18,1133.57,0.00,0.00,758554752,3083,3092,6121,0,0,0,0,0,797,34151,1117799,1143,-,0,--V 1048576 --N 262144 --K 4 --init 4000000 --src rmat --pins .5 --pdel .5,2026-09-28 15:52:55
rmat-churn-K4,gtx-cons,1,7.2530,262144,12266,0,1017059,31517,36142876.5,140226127.2,362.50,747.52,1131.52,0.00,0.00,758478560,3101,3072,6093,0,0,0,0,0,769,34140,1117634,1124,-,0,--V 1048576 --N 262144 --K 4 --init 4000000 --src rmat --pins .5 --pdel .5,2026-09-28 15:52:55
rmat-churn-K4,gtx-cons,2,7.2735,262144,12264,0,1017043,31533,36041110.2,139829097.2,363.52,749.57,1123.33,0.00,0.00,758418336,3062,3102,6100,0,0,0,0,0,796,34144,1117645,1131,-,0,--V 1048576 --N 262144 --K 4 --init 4000000 --src rmat --pins .5 --pdel .5,2026-09-28 15:52:55
rmat-churn-K4,gtx-cons,3,7.3032,262144,12276,0,1017071,31505,35894560.6,139264361.0,362.50,750.59,1126.40,0.00,0.00,758480664,3102,3074,6100,0,0,0,0,0,796,34135,1117712,1148,-,0,--V 1048576 --N 262144 --K 4 --init 4000000 --src rmat --pins .5 --pdel .5,2026-09-28 15:52:55
rmat-churn-K4,gtx-cons,4,7.2806,262144,12277,0,1017060,31516,36005625.3,139693760.8,363.52,696.32,1111.04,0.00,0.00,758719200,3103,3073,6101,0,0,0,0,0,766,34165,1117811,1132,-,0,--V 1048576 --N 262144 --K 4 --init 4000000 --src rmat --pins .5 --pdel .5,2026-09-28 15:52:55
rmat-churn-K4,2pl,0,3768.7532,262144,0,0,1013482,35094,69557.2,268917.1,761.86,2790076.42,3696032.77,0.00,0.00,105548384,0,0,0,0,0,0,0,0,4207171196,0,0,0,-,0,--V 1048576 --N 262144 --K 4 --init 4000000 --src rmat --pins .5 --pdel .5,2026-09-28 15:53:21
rmat-churn-K4,2pl,1,3473.2656,262144,0,0,1013439,35137,75474.8,291782.8,755.71,2601134.08,3411728.38,0.00,0.00,105548384,0,0,0,0,0,0,0,0,3422535097,0,0,0,-,0,--V 1048576 --N 262144 --K 4 --init 4000000 --src rmat --pins .5 --pdel .5,2026-09-28 15:53:21
rmat-churn-K4,2pl,2,3777.0300,262144,0,0,1013389,35187,69404.8,268303.1,749.57,2851430.40,3695153.15,0.00,0.00,105548384,0,0,0,0,0,0,0,0,4144352258,0,0,0,-,0,--V 1048576 --N 262144 --K 4 --init 4000000 --src rmat --pins .5 --pdel .5,2026-09-28 15:53:21
rmat-churn-K4,2pl,3,3807.8853,262144,0,0,1013438,35138,68842.4,266141.9,753.66,2824494.08,3741044.74,0.00,0.00,105548384,0,0,0,0,0,0,0,0,4137461875,0,0,0,-,0,--V 1048576 --N 262144 --K 4 --init 4000000 --src rmat --pins .5 --pdel .5,2026-09-28 15:53:21
rmat-churn-K4,2pl,4,3414.6899,262144,0,0,1013432,35144,76769.5,296786.0,751.62,2535310.34,3345935.36,0.00,0.00,105548384,0,0,0,0,0,0,0,0,3365171821,0,0,0,-,0,--V 1048576 --N 262144 --K 4 --init 4000000 --src rmat --pins .5 --pdel .5,2026-09-28 15:53:21
rmat-churn-K4,stm,0,880.3410,246604,133557413,15540,952904,33512,280123.3,1082426.0,3625.98,304443.39,559078.40,0.00,0.00,105548384,0,0,0,0,0,0,3144154,130413259,3144154,0,0,0,-,0,--V 1048576 --N 262144 --K 4 --init 4000000 --src rmat --pins .5 --pdel .5,2026-09-28 15:53:27
rmat-churn-K4,stm,1,761.6184,246656,133280000,15488,953067,33557,323857.7,1251370.8,3090.43,263549.95,485148.67,0.00,0.00,105548384,0,0,0,0,0,0,3136476,130143524,3136476,0,0,0,-,0,--V 1048576 --N 262144 --K 4 --init 4000000 --src rmat --pins .5 --pdel .5,2026-09-28 15:53:27
rmat-churn-K4,stm,2,684.9207,246785,132991976,15359,953607,33533,360311.8,1392288.2,2706.43,237996.03,441100.29,0.00,0.00,105548384,0,0,0,0,0,0,3129598,129862378,3129598,0,0,0,-,0,--V 1048576 --N 262144 --K 4 --init 4000000 --src rmat --pins .5 --pdel .5,2026-09-28 15:53:27
rmat-churn-K4,stm,3,619.5415,246740,132788404,15404,953428,33532,398262.3,1538925.1,2450.43,214819.84,398754.82,0.00,0.00,105548384,0,0,0,0,0,0,3087575,129700829,3087575,0,0,0,-,0,--V 1048576 --N 262144 --K 4 --init 4000000 --src rmat --pins .5 --pdel .5,2026-09-28 15:53:27
rmat-churn-K4,stm,4,573.3683,246821,132590025,15323,953676,33608,430475.5,1663286.8,2247.68,199191.55,366691.33,0.00,0.00,105548384,0,0,0,0,0,0,3109170,129480855,3109170,0,0,0,-,0,--V 1048576 --N 262144 --K 4 --init 4000000 --src rmat --pins .5 --pdel .5,2026-09-28 15:53:27
rmat-churn-K4,stm-nodeg,0,7.0810,262144,53116,0,1016982,31594,37020970.0,143622055.4,526.34,1445.89,2359.30,0.00,0.00,105548384,0,0,0,0,0,0,162,52954,162,0,0,0,-,0,--V 1048576 --N 262144 --K 4 --init 4000000 --src rmat --pins .5 --pdel .5,2026-09-28 15:53:30
rmat-churn-K4,stm-nodeg,1,6.8465,262144,53362,0,1017018,31558,38288961.1,148546457.9,529.41,1372.16,2166.78,0.00,0.00,105548384,0,0,0,0,0,0,161,53201,161,0,0,0,-,0,--V 1048576 --N 262144 --K 4 --init 4000000 --src rmat --pins .5 --pdel .5,2026-09-28 15:53:30
rmat-churn-K4,stm-nodeg,2,6.7942,262144,53133,0,1016983,31593,38583270.5,149683114.0,509.95,1261.57,2046.98,0.00,0.00,105548384,0,0,0,0,0,0,166,52967,166,0,0,0,-,0,--V 1048576 --N 262144 --K 4 --init 4000000 --src rmat --pins .5 --pdel .5,2026-09-28 15:53:30
rmat-churn-K4,stm-nodeg,3,7.0380,262144,53301,0,1017054,31522,37247199.5,144509938.1,526.34,1447.94,2373.63,0.00,0.00,105548384,0,0,0,0,0,0,163,53138,163,0,0,0,-,0,--V 1048576 --N 262144 --K 4 --init 4000000 --src rmat --pins .5 --pdel .5,2026-09-28 15:53:30
rmat-churn-K4,stm-nodeg,4,6.8710,262144,53132,0,1016988,31588,38152012.7,148010784.3,526.34,1357.82,2239.49,0.00,0.00,105548384,0,0,0,0,0,0,139,52993,139,0,0,0,-,0,--V 1048576 --N 262144 --K 4 --init 4000000 --src rmat --pins .5 --pdel .5,2026-09-28 15:53:30
rmat-churn-K4,nontx,0,1.9835,262144,0,0,1016700,31876,132163141.3,512581885.4,161.79,319.49,442.37,0.00,0.00,105548384,0,0,0,0,0,0,0,0,0,0,0,0,-,0,--V 1048576 --N 262144 --K 4 --init 4000000 --src rmat --pins .5 --pdel .5,2026-09-28 15:53:32
rmat-churn-K4,nontx,1,2.3818,262144,0,0,1016773,31803,110060188.4,426888381.7,166.91,583.68,714.75,0.00,0.00,105548384,0,0,0,0,0,0,0,0,0,0,0,0,-,0,--V 1048576 --N 262144 --K 4 --init 4000000 --src rmat --pins .5 --pdel .5,2026-09-28 15:53:32
rmat-churn-K4,nontx,2,1.9804,262144,0,0,1016736,31840,132368144.9,513395150.0,160.77,318.46,441.34,0.00,0.00,105548384,0,0,0,0,0,0,0,0,0,0,0,0,-,0,--V 1048576 --N 262144 --K 4 --init 4000000 --src rmat --pins .5 --pdel .5,2026-09-28 15:53:32
rmat-churn-K4,nontx,3,1.9814,262144,0,0,1016688,31888,132299745.1,513105633.6,161.79,317.44,440.32,0.00,0.00,105548384,0,0,0,0,0,0,0,0,0,0,0,0,-,0,--V 1048576 --N 262144 --K 4 --init 4000000 --src rmat --pins .5 --pdel .5,2026-09-28 15:53:32
rmat-churn-K4,nontx,4,1.9773,262144,0,0,1016722,31854,132573793.5,514185686.2,161.79,318.46,439.30,0.00,0.00,105548384,0,0,0,0,0,0,0,0,0,0,0,0,-,0,--V 1048576 --N 262144 --K 4 --init 4000000 --src rmat --pins .5 --pdel .5,2026-09-28 15:53:32
zipf-churn-K4,gtx,0,7.1782,262144,6517,0,1003030,45546,36519259.1,139732026.9,388.10,446.46,1108.99,0.00,0.00,757583688,3279,3238,0,0,0,0,0,0,692,45617,1032392,1339,-,0,--V 1048576 --N 262144 --K 4 --init 4000000 --src zipf --zipf 1.0 --pins .5 --pdel .5,2026-09-28 15:53:35
zipf-churn-K4,gtx,1,7.5612,262144,6472,0,1003027,45549,34669556.4,132654194.3,389.12,759.81,1131.52,0.00,0.00,757558080,3233,3239,0,0,0,0,0,0,671,45620,1032367,1333,-,0,--V 1048576 --N 262144 --K 4 --init 4000000 --src zipf --zipf 1.0 --pins .5 --pdel .5,2026-09-28 15:53:35
zipf-churn-K4,gtx,2,7.5960,262144,6466,0,1003035,45541,34510649.1,132047229.5,390.14,755.71,1129.47,0.00,0.00,757717200,3257,3209,0,0,0,0,0,0,684,45626,1032326,1366,-,0,--V 1048576 --N 262144 --K 4 --init 4000000 --src zipf --zipf 1.0 --pins .5 --pdel .5,2026-09-28 15:53:35
zipf-churn-K4,gtx,3,7.5653,262144,6442,0,1003032,45544,34650785.5,132583033.2,389.12,760.83,1125.38,0.00,0.00,757753712,3251,3191,0,0,0,0,0,0,702,45621,1032356,1340,-,0,--V 1048576 --N 262144 --K 4 --init 4000000 --src zipf --zipf 1.0 --pins .5 --pdel .5,2026-09-28 15:53:35
zipf-churn-K4,gtx,4,7.5551,262144,6499,0,1003044,45532,34697750.8,132764323.4,390.14,758.78,1128.45,0.00,0.00,757532600,3261,3238,0,0,0,0,0,0,703,45609,1032549,1346,-,0,--V 1048576 --N 262144 --K 4 --init 4000000 --src zipf --zipf 1.0 --pins .5 --pdel .5,2026-09-28 15:53:35
zipf-churn-K4,gtx-cons,0,7.7373,262144,11947,0,1003005,45571,33880360.9,129631696.3,379.90,926.72,1193.98,0.00,0.00,761381160,3184,3129,5634,0,0,0,0,0,726,45832,1128399,1260,-,0,--V 1048576 --N 262144 --K 4 --init 4000000 --src zipf --zipf 1.0 --pins .5 --pdel .5,2026-09-28 15:53:38
zipf-churn-K4,gtx-cons,1,7.5858,262144,11955,0,1003002,45574,34557235.1,132221130.2,378.88,761.86,1167.36,0.00,0.00,761287680,3238,3071,5646,0,0,0,0,0,780,45841,1128426,1270,-,0,--V 1048576 --N 262144 --K 4 --init 4000000 --src zipf --zipf 1.0 --pins .5 --pdel .5,2026-09-28 15:53:38
zipf-churn-K4,gtx-cons,2,7.6083,262144,12051,0,1003006,45570,34454911.4,131830150.3,379.90,754.69,1169.41,0.00,0.00,761374096,3203,3149,5699,0,0,0,0,0,765,45850,1128624,1281,-,0,--V 1048576 --N 262144 --K 4 --init 4000000 --src zipf --zipf 1.0 --pins .5 --pdel .5,2026-09-28 15:53:38
zipf-churn-K4,gtx-cons,3,7.5817,262144,11956,0,1003020,45556,34575904.8,132294937.1,378.88,754.69,1169.41,0.00,0.00,761271312,3199,3100,5657,0,0,0,0,0,747,45828,1128300,1269,-,0,--V 1048576 --N 262144 --K 4 --init 4000000 --src zipf --zipf 1.0 --pins .5 --pdel .5,2026-09-28 15:53:38
zipf-churn-K4,gtx-cons,4,7.5878,262144,11908,0,1003001,45575,34547907.9,132185310.9,380.93,757.76,1174.53,0.00,0.00,761330200,3225,3054,5629,0,0,0,0,0,777,45845,1128205,1277,-,0,--V 1048576 --N 262144 --K 4 --init 4000000 --src zipf --zipf 1.0 --pins .5 --pdel .5,2026-09-28 15:53:38
zipf-churn-K4,2pl,-1,DNF>90000,,,,,,,,,,,,,,,,,,,,,,,,,,,,--V 1048576 --N 262144 --K 4 --init 4000000 --src zipf --zipf 1.0 --pins .5 --pdel .5,2026-09-28 15:55:08
zipf-churn-K4,stm,0,1646.9535,128276,600235561,133868,482966,30138,77886.8,293248.1,3220.48,239194.11,374701.06,0.00,0.00,103878816,0,0,0,0,0,0,6968128,593267433,6968128,0,0,0,-,0,--V 1048576 --N 262144 --K 4 --init 4000000 --src zipf --zipf 1.0 --pins .5 --pdel .5,2026-09-28 15:55:21
zipf-churn-K4,stm,1,1353.7106,128630,598837415,133514,484287,30233,95020.3,357747.8,2598.91,204813.31,314836.99,0.00,0.00,103878816,0,0,0,0,0,0,6915022,591922393,6915022,0,0,0,-,0,--V 1048576 --N 262144 --K 4 --init 4000000 --src zipf --zipf 1.0 --pins .5 --pdel .5,2026-09-28 15:55:21
zipf-churn-K4,stm,2,1347.5789,128542,599135823,133602,483869,30299,95387.4,359065.4,2538.50,203573.25,314447.87,0.00,0.00,103878816,0,0,0,0,0,0,6921056,592214767,6921056,0,0,0,-,0,--V 1048576 --N 262144 --K 4 --init 4000000 --src zipf --zipf 1.0 --pins .5 --pdel .5,2026-09-28 15:55:21
zipf-churn-K4,stm,3,1349.1394,128535,598840731,133609,483882,30258,95271.8,358659.7,2553.86,202810.37,311656.45,0.00,0.00,103878816,0,0,0,0,0,0,6919349,591921382,6919349,0,0,0,-,0,--V 1048576 --N 262144 --K 4 --init 4000000 --src zipf --zipf 1.0 --pins .5 --pdel .5,2026-09-28 15:55:21
zipf-churn-K4,stm,4,1348.3684,128466,598959611,133678,483669,30195,95275.1,358706.9,2527.23,203593.73,314334.21,0.00,0.00,103878816,0,0,0,0,0,0,6958313,592001298,6958313,0,0,0,-,0,--V 1048576 --N 262144 --K 4 --init 4000000 --src zipf --zipf 1.0 --pins .5 --pdel .5,2026-09-28 15:55:21
zipf-churn-K4,stm-nodeg,0,6.4328,262144,49901,0,1003087,45489,40751353.9,155933965.1,498.69,1298.43,2029.57,0.00,0.00,103878816,0,0,0,0,0,0,143,49758,143,0,0,0,-,0,--V 1048576 --N 262144 --K 4 --init 4000000 --src zipf --zipf 1.0 --pins .5 --pdel .5,2026-09-28 15:55:23
zipf-churn-K4,stm-nodeg,1,7.0257,262144,50105,0,1003050,45526,37312345.9,142769426.6,500.74,1389.57,2136.06,0.00,0.00,103878816,0,0,0,0,0,0,134,49971,134,0,0,0,-,0,--V 1048576 --N 262144 --K 4 --init 4000000 --src zipf --zipf 1.0 --pins .5 --pdel .5,2026-09-28 15:55:23
zipf-churn-K4,stm-nodeg,2,6.7492,262144,49882,0,1003006,45570,38840842.8,148611444.1,500.74,1336.32,2104.32,0.00,0.00,103878816,0,0,0,0,0,0,141,49741,141,0,0,0,-,0,--V 1048576 --N 262144 --K 4 --init 4000000 --src zipf --zipf 1.0 --pins .5 --pdel .5,2026-09-28 15:55:23
zipf-churn-K4,stm-nodeg,3,6.4635,262144,50298,0,1003052,45524,40557667.3,155187413.4,498.69,1295.36,2023.42,0.00,0.00,103878816,0,0,0,0,0,0,120,50178,120,0,0,0,-,0,--V 1048576 --N 262144 --K 4 --init 4000000 --src zipf --zipf 1.0 --pins .5 --pdel .5,2026-09-28 15:55:23
zipf-churn-K4,stm-nodeg,4,6.9734,262144,50139,0,1003073,45503,37591775.9,143841916.7,498.69,1396.74,2156.54,0.00,0.00,103878816,0,0,0,0,0,0,121,50018,121,0,0,0,-,0,--V 1048576 --N 262144 --K 4 --init 4000000 --src zipf --zipf 1.0 --pins .5 --pdel .5,2026-09-28 15:55:23
zipf-churn-K4,nontx,0,1.9569,262144,0,0,1002786,45790,133961276.9,512445423.0,165.89,275.46,355.33,0.00,0.00,103878816,0,0,0,0,0,0,0,0,0,0,0,0,-,0,--V 1048576 --N 262144 --K 4 --init 4000000 --src zipf --zipf 1.0 --pins .5 --pdel .5,2026-09-28 15:55:26
zipf-churn-K4,nontx,1,2.3788,262144,0,0,1002806,45770,110202324.9,421568117.6,173.06,584.70,672.77,0.00,0.00,103878816,0,0,0,0,0,0,0,0,0,0,0,0,-,0,--V 1048576 --N 262144 --K 4 --init 4000000 --src zipf --zipf 1.0 --pins .5 --pdel .5,2026-09-28 15:55:26
zipf-churn-K4,nontx,2,1.9548,262144,0,0,1002767,45809,134101625.0,512972580.7,165.89,273.41,353.28,0.00,0.00,103878816,0,0,0,0,0,0,0,0,0,0,0,0,-,0,--V 1048576 --N 262144 --K 4 --init 4000000 --src zipf --zipf 1.0 --pins .5 --pdel .5,2026-09-28 15:55:26
zipf-churn-K4,nontx,3,1.9651,262144,0,0,1002810,45766,133402817.9,510321349.3,166.91,273.41,351.23,0.00,0.00,103878816,0,0,0,0,0,0,0,0,0,0,0,0,-,0,--V 1048576 --N 262144 --K 4 --init 4000000 --src zipf --zipf 1.0 --pins .5 --pdel .5,2026-09-28 15:55:26
zipf-churn-K4,nontx,4,2.5754,262144,0,0,1002797,45779,101789262.1,389381281.4,175.10,757.76,849.92,0.00,0.00,103878816,0,0,0,0,0,0,0,0,0,0,0,0,-,0,--V 1048576 --N 262144 --K 4 --init 4000000 --src zipf --zipf 1.0 --pins .5 --pdel .5,2026-09-28 15:55:26
uniform-delete-K4,gtx,0,8.0056,262144,14019,0,922553,126023,32744945.9,115237991.7,391.17,956.42,1306.62,0.00,0.00,615200152,6898,7121,0,0,0,0,0,0,1074,85631,1174143,570,-,0,--V 1048576 --N 262144 --K 4 --init 4000000 --pins 0 --pdel 1,2026-09-28 15:55:28
uniform-delete-K4,gtx,1,7.4711,262144,14053,0,922553,126023,35087718.6,123482818.9,389.12,491.52,1198.08,0.00,0.00,615228456,6898,7155,0,0,0,0,0,0,1069,85643,1174260,601,-,0,--V 1048576 --N 262144 --K 4 --init 4000000 --pins 0 --pdel 1,2026-09-28 15:55:28
uniform-delete-K4,gtx,2,8.4070,262144,14058,0,922553,126023,31181487.3,109735773.7,392.19,1001.47,1361.92,0.00,0.00,615160752,6851,7207,0,0,0,0,0,0,1055,85614,1174280,591,-,0,--V 1048576 --N 262144 --K 4 --init 4000000 --pins 0 --pdel 1,2026-09-28 15:55:28
uniform-delete-K4,gtx,3,8.0486,262144,14031,0,922553,126023,32569973.5,114622218.3,392.19,950.27,1285.12,0.00,0.00,615134840,6909,7122,0,0,0,0,0,0,1081,85603,1174078,597,-,0,--V 1048576 --N 262144 --K 4 --init 4000000 --pins 0 --pdel 1,2026-09-28 15:55:28
uniform-delete-K4,gtx,4,7.8193,262144,14124,0,922553,126023,33525406.3,117984634.8,391.17,791.55,1233.92,0.00,0.00,615306112,6959,7165,0,0,0,0,0,0,1089,85676,1174369,585,-,0,--V 1048576 --N 262144 --K 4 --init 4000000 --pins 0 --pdel 1,2026-09-28 15:55:28
uniform-delete-K4,gtx-cons,0,7.9749,262144,17565,0,922553,126023,32871083.0,115681901.0,388.10,797.70,1425.41,0.00,0.00,621814056,6896,6983,3686,0,0,0,0,0,1135,87638,1185984,599,-,0,--V 1048576 --N 262144 --K 4 --init 4000000 --pins 0 --pdel 1,2026-09-28 15:55:31
uniform-delete-K4,gtx-cons,1,8.4695,262144,17554,0,922553,126023,30951516.0,108926444.9,387.07,960.51,1527.81,0.00,0.00,621655160,6890,6989,3675,0,0,0,0,0,1079,87569,1185860,596,-,0,--V 1048576 --N 262144 --K 4 --init 4000000 --pins 0 --pdel 1,2026-09-28 15:55:31
uniform-delete-K4,gtx-cons,2,8.1428,262144,17523,0,922553,126023,32193158.9,113296109.5,389.12,939.01,1284.10,0.00,0.00,621585256,6848,7014,3661,0,0,0,0,0,1126,87531,1185703,598,-,0,--V 1048576 --N 262144 --K 4 --init 4000000 --pins 0 --pdel 1,2026-09-28 15:55:31
uniform-delete-K4,gtx-cons,3,7.9237,262144,17552,0,922553,126023,33083485.0,116429399.0,388.10,795.65,1412.10,0.00,0.00,621781384,6879,7004,3669,0,0,0,0,0,1095,87630,1185904,597,-,0,--V 1048576 --N 262144 --K 4 --init 4000000 --pins 0 --pdel 1,2026-09-28 15:55:31
uniform-delete-K4,gtx-cons,4,8.4654,262144,17635,0,922553,126023,30966492.1,108979149.6,390.14,977.92,1590.27,0.00,0.00,621882736,6925,7023,3687,0,0,0,0,0,1063,87660,1186230,588,-,0,--V 1048576 --N 262144 --K 4 --init 4000000 --pins 0 --pdel 1,2026-09-28 15:55:31
uniform-delete-K4,2pl,0,3.7724,262144,0,0,922553,126023,69489683.0,244552290.1,294.91,766.98,1048.58,0.00,0.00,75239136,0,0,0,0,0,0,0,0,600911,0,0,0,-,0,--V 1048576 --N 262144 --K 4 --init 4000000 --pins 0 --pdel 1,2026-09-28 15:55:33
uniform-delete-K4,2pl,1,3.4683,262144,0,0,922553,126023,75583113.1,265996657.3,286.72,581.63,817.15,0.00,0.00,75239136,0,0,0,0,0,0,0,0,605681,0,0,0,-,0,--V 1048576 --N 262144 --K 4 --init 4000000 --pins 0 --pdel 1,2026-09-28 15:55:33
uniform-delete-K4,2pl,2,4.0724,262144,0,0,922553,126023,64370131.8,226535256.1,294.91,957.44,1197.06,0.00,0.00,75239136,0,0,0,0,0,0,0,0,604008,0,0,0,-,0,--V 1048576 --N 262144 --K 4 --init 4000000 --pins 0 --pdel 1,2026-09-28 15:55:33
uniform-delete-K4,2pl,3,3.4693,262144,0,0,922553,126023,75560803.9,265918145.3,285.70,580.61,820.22,0.00,0.00,75239136,0,0,0,0,0,0,0,0,607623,0,0,0,-,0,--V 1048576 --N 262144 --K 4 --init 4000000 --pins 0 --pdel 1,2026-09-28 15:55:33
uniform-delete-K4,2pl,4,3.8871,262144,0,0,922553,126023,67439409.3,237336843.0,294.91,766.98,1038.34,0.00,0.00,75239136,0,0,0,0,0,0,0,0,601757,0,0,0,-,0,--V 1048576 --N 262144 --K 4 --init 4000000 --pins 0 --pdel 1,2026-09-28 15:55:33
uniform-delete-K4,stm,0,13.6704,262144,226631,0,922553,126023,19176030.4,67485444.7,998.40,3166.21,5104.64,0.00,0.00,75239136,0,0,0,0,0,0,13096,213535,13096,0,0,0,-,0,--V 1048576 --N 262144 --K 4 --init 4000000 --pins 0 --pdel 1,2026-09-28 15:55:35
uniform-delete-K4,stm,1,13.7011,262144,227542,0,922553,126023,19133033.9,67334128.5,997.38,3179.52,5156.86,0.00,0.00,75239136,0,0,0,0,0,0,13069,214473,13069,0,0,0,-,0,--V 1048576 --N 262144 --K 4 --init 4000000 --pins 0 --pdel 1,2026-09-28 15:55:35
uniform-delete-K4,stm,2,13.7011,262144,226581,0,922553,126023,19133033.9,67334128.5,989.18,3225.60,5200.90,0.00,0.00,75239136,0,0,0,0,0,0,13050,213531,13050,0,0,0,-,0,--V 1048576 --N 262144 --K 4 --init 4000000 --pins 0 --pdel 1,2026-09-28 15:55:35
uniform-delete-K4,stm,3,13.7236,262144,228041,0,922553,126023,19101626.5,67223597.9,990.21,3255.30,5212.16,0.00,0.00,75239136,0,0,0,0,0,0,13029,215012,13029,0,0,0,-,0,--V 1048576 --N 262144 --K 4 --init 4000000 --pins 0 --pdel 1,2026-09-28 15:55:35
uniform-delete-K4,stm,4,13.6909,262144,226765,0,922553,126023,19147345.1,67384493.3,988.16,3247.10,5167.10,0.00,0.00,75239136,0,0,0,0,0,0,12916,213849,12916,0,0,0,-,0,--V 1048576 --N 262144 --K 4 --init 4000000 --pins 0 --pdel 1,2026-09-28 15:55:35
uniform-delete-K4,stm-nodeg,0,5.7108,262144,50667,0,922553,126023,45902816.3,161543964.0,434.18,1164.29,1858.56,0.00,0.00,75239136,0,0,0,0,0,0,183,50484,183,0,0,0,-,0,--V 1048576 --N 262144 --K 4 --init 4000000 --pins 0 --pdel 1,2026-09-28 15:55:37
uniform-delete-K4,stm-nodeg,1,5.9300,262144,50573,0,922553,126023,44206526.7,155574279.0,436.22,1270.78,1848.32,0.00,0.00,75239136,0,0,0,0,0,0,203,50370,203,0,0,0,-,0,--V 1048576 --N 262144 --K 4 --init 4000000 --pins 0 --pdel 1,2026-09-28 15:55:37
uniform-delete-K4,stm-nodeg,2,5.6975,262144,50735,0,922553,126023,46010064.8,161921399.2,433.15,1163.26,1735.68,0.00,0.00,75239136,0,0,0,0,0,0,191,50544,191,0,0,0,-,0,--V 1048576 --N 262144 --K 4 --init 4000000 --pins 0 --pdel 1,2026-09-28 15:55:37
uniform-delete-K4,stm-nodeg,3,5.2797,262144,50529,0,922553,126023,49650890.8,174734414.0,420.86,1051.65,1605.63,0.00,0.00,75239136,0,0,0,0,0,0,184,50345,184,0,0,0,-,0,--V 1048576 --N 262144 --K 4 --init 4000000 --pins 0 --pdel 1,2026-09-28 15:55:37
uniform-delete-K4,stm-nodeg,4,5.9576,262144,50616,0,922553,126023,44001374.6,154852295.3,436.22,1271.81,2032.64,0.00,0.00,75239136,0,0,0,0,0,0,184,50432,184,0,0,0,-,0,--V 1048576 --N 262144 --K 4 --init 4000000 --pins 0 --pdel 1,2026-09-28 15:55:37
uniform-delete-K4,nontx,0,2.6143,262144,0,0,922553,126023,100274182.7,352890961.0,175.10,784.38,860.16,0.00,0.00,75239136,0,0,0,0,0,0,0,0,0,0,0,0,-,0,--V 1048576 --N 262144 --K 4 --init 4000000 --pins 0 --pdel 1,2026-09-28 15:55:39
uniform-delete-K4,nontx,1,1.9149,262144,0,0,922553,126023,136898393.1,481781094.4,160.77,272.38,339.97,0.00,0.00,75239136,0,0,0,0,0,0,0,0,0,0,0,0,-,0,--V 1048576 --N 262144 --K 4 --init 4000000 --pins 0 --pdel 1,2026-09-28 15:55:39
uniform-delete-K4,nontx,2,1.9149,262144,0,0,922553,126023,136898393.1,481781094.4,160.77,270.34,332.80,0.00,0.00,75239136,0,0,0,0,0,0,0,0,0,0,0,0,-,0,--V 1048576 --N 262144 --K 4 --init 4000000 --pins 0 --pdel 1,2026-09-28 15:55:39
uniform-delete-K4,nontx,3,1.9231,262144,0,0,922553,126023,136315230.4,479728793.0,160.77,271.36,334.85,0.00,0.00,75239136,0,0,0,0,0,0,0,0,0,0,0,0,-,0,--V 1048576 --N 262144 --K 4 --init 4000000 --pins 0 --pdel 1,2026-09-28 15:55:39
uniform-delete-K4,nontx,4,1.9180,262144,0,0,922553,126023,136679128.6,481009445.6,160.77,268.29,332.80,0.00,0.00,75239136,0,0,0,0,0,0,0,0,0,0,0,0,-,0,--V 1048576 --N 262144 --K 4 --init 4000000 --pins 0 --pdel 1,2026-09-28 15:55:39
identical-edge-1024-K4,gtx,0,35.1304,262144,521020,0,683828,364748,7462034.1,19465438.4,113.66,12988.42,29833.22,0.00,0.00,798750784,321187,199833,0,0,0,0,0,0,30633,98015,2438155,7912,-,0,--V 1048576 --N 262144 --K 4 --init 4000000 --hot 1024 --hotfrac 0.5 --pins .5 --pdel .5,2026-09-28 15:55:42
identical-edge-1024-K4,gtx,1,34.6225,262144,520481,0,683692,364884,7571500.6,19747064.1,112.64,13110.27,30030.85,0.00,0.00,798174152,321424,199057,0,0,0,0,0,0,30550,97770,2435372,7912,-,0,--V 1048576 --N 262144 --K 4 --init 4000000 --hot 1024 --hotfrac 0.5 --pins .5 --pdel .5,2026-09-28 15:55:42
identical-edge-1024-K4,gtx,2,34.8467,262144,520493,0,683480,365096,7522773.7,19613896.7,113.66,13100.03,29987.84,0.00,0.00,798636776,321350,199143,0,0,0,0,0,0,30387,97968,2435436,7875,-,0,--V 1048576 --N 262144 --K 4 --init 4000000 --hot 1024 --hotfrac 0.5 --pins .5 --pdel .5,2026-09-28 15:55:42
identical-edge-1024-K4,gtx,3,35.4908,262144,521936,0,683764,364812,7386255.6,19265959.5,114.69,12936.19,29884.42,0.00,0.00,799486944,321865,200071,0,0,0,0,0,0,31021,98327,2440754,8057,-,0,--V 1048576 --N 262144 --K 4 --init 4000000 --hot 1024 --hotfrac 0.5 --pins .5 --pdel .5,2026-09-28 15:55:42
identical-edge-1024-K4,gtx,4,34.8355,262144,522709,0,683584,364992,7525206.3,19623224.8,114.69,13261.82,30244.86,0.00,0.00,798965192,322403,200306,0,0,0,0,0,0,30695,98101,2442666,7990,-,0,--V 1048576 --N 262144 --K 4 --init 4000000 --hot 1024 --hotfrac 0.5 --pins .5 --pdel .5,2026-09-28 15:55:42
identical-edge-1024-K4,gtx-cons,0,34.1207,262144,520393,0,683637,364939,7682842.5,20035840.6,109.57,12559.36,28942.34,0.00,0.00,801252808,321125,199094,174,0,0,0,0,0,32038,98274,2437276,7652,-,0,--V 1048576 --N 262144 --K 4 --init 4000000 --hot 1024 --hotfrac 0.5 --pins .5 --pdel .5,2026-09-28 15:55:44
identical-edge-1024-K4,gtx-cons,1,33.4469,262144,519991,0,683485,365091,7837614.7,20434921.6,109.57,12590.08,28923.90,0.00,0.00,800761608,320743,199075,173,0,0,0,0,0,31981,98061,2437590,7578,-,0,--V 1048576 --N 262144 --K 4 --init 4000000 --hot 1024 --hotfrac 0.5 --pins .5 --pdel .5,2026-09-28 15:55:44
identical-edge-1024-K4,gtx-cons,2,33.4019,262144,519104,0,683146,365430,7848186.8,20452336.9,109.57,12456.96,28696.58,0.00,0.00,800703080,320284,198645,175,0,0,0,0,0,31954,98046,2434714,7575,-,0,--V 1048576 --N 262144 --K 4 --init 4000000 --hot 1024 --hotfrac 0.5 --pins .5 --pdel .5,2026-09-28 15:55:44
identical-edge-1024-K4,gtx-cons,3,33.7101,262144,519489,0,683913,364663,7776427.9,20288086.4,109.57,12861.44,29220.86,0.00,0.00,800909368,319619,199685,185,0,0,0,0,0,31840,98123,2435449,7708,-,0,--V 1048576 --N 262144 --K 4 --init 4000000 --hot 1024 --hotfrac 0.5 --pins .5 --pdel .5,2026-09-28 15:55:44
identical-edge-1024-K4,gtx-cons,4,33.5452,262144,520113,0,683139,365437,7814646.4,20364722.3,109.57,12690.43,28870.66,0.00,0.00,801002808,320465,199479,169,0,0,0,0,0,32111,98173,2436957,7630,-,0,--V 1048576 --N 262144 --K 4 --init 4000000 --hot 1024 --hotfrac 0.5 --pins .5 --pdel .5,2026-09-28 15:55:44
identical-edge-1024-K4,2pl,0,337.4572,262144,0,0,689449,359127,776821.6,2043071.2,79.87,201226.24,298256.38,0.00,0.00,80572704,0,0,0,0,0,0,0,0,1927346789,0,0,0,-,0,--V 1048576 --N 262144 --K 4 --init 4000000 --hot 1024 --hotfrac 0.5 --pins .5 --pdel .5,2026-09-28 15:55:48
identical-edge-1024-K4,2pl,1,324.5558,262144,0,0,690177,358399,807700.9,2126528.1,70.66,196808.70,285103.10,0.00,0.00,80572704,0,0,0,0,0,0,0,0,1897020045,0,0,0,-,0,--V 1048576 --N 262144 --K 4 --init 4000000 --hot 1024 --hotfrac 0.5 --pins .5 --pdel .5,2026-09-28 15:55:48
identical-edge-1024-K4,2pl,2,293.4456,262144,0,0,688969,359607,893330.8,2347859.2,65.54,179333.12,256360.45,0.00,0.00,80572704,0,0,0,0,0,0,0,0,1773475841,0,0,0,-,0,--V 1048576 --N 262144 --K 4 --init 4000000 --hot 1024 --hotfrac 0.5 --pins .5 --pdel .5,2026-09-28 15:55:48
identical-edge-1024-K4,2pl,3,334.6463,262144,0,0,689465,359111,783346.5,2060279.9,72.70,204399.62,294310.91,0.00,0.00,80572704,0,0,0,0,0,0,0,0,1991338512,0,0,0,-,0,--V 1048576 --N 262144 --K 4 --init 4000000 --hot 1024 --hotfrac 0.5 --pins .5 --pdel .5,2026-09-28 15:55:48
identical-edge-1024-K4,2pl,4,286.6197,262144,0,0,689467,359109,914605.8,2405511.9,63.49,178423.81,252150.78,0.00,0.00,80572704,0,0,0,0,0,0,0,0,1781237669,0,0,0,-,0,--V 1048576 --N 262144 --K 4 --init 4000000 --hot 1024 --hotfrac 0.5 --pins .5 --pdel .5,2026-09-28 15:55:48
identical-edge-1024-K4,stm,0,473.2242,256301,110197383,5843,685954,339250,541605.9,1449532.9,7949.31,214219.78,367547.39,0.00,0.00,80572704,0,0,0,0,0,0,1027940,109169443,1027940,0,0,0,-,0,--V 1048576 --N 262144 --K 4 --init 4000000 --hot 1024 --hotfrac 0.5 --pins .5 --pdel .5,2026-09-28 15:55:53
identical-edge-1024-K4,stm,1,448.6001,256437,109495184,5707,686187,339561,571638.3,1529618.6,7543.81,203400.19,351710.21,0.00,0.00,80572704,0,0,0,0,0,0,1020127,108475057,1020127,0,0,0,-,0,--V 1048576 --N 262144 --K 4 --init 4000000 --hot 1024 --hotfrac 0.5 --pins .5 --pdel .5,2026-09-28 15:55:53
identical-edge-1024-K4,stm,2,418.8395,256418,109368477,5726,686156,339516,612210.6,1638231.2,7006.21,191323.14,330329.09,0.00,0.00,80572704,0,0,0,0,0,0,1019445,108349032,1019445,0,0,0,-,0,--V 1048576 --N 262144 --K 4 --init 4000000 --hot 1024 --hotfrac 0.5 --pins .5 --pdel .5,2026-09-28 15:55:53
identical-edge-1024-K4,stm,3,411.1678,256417,109129767,5727,686091,339577,623631.1,1668640.1,6754.30,188077.06,323305.47,0.00,0.00,80572704,0,0,0,0,0,0,1021931,108107836,1021931,0,0,0,-,0,--V 1048576 --N 262144 --K 4 --init 4000000 --hot 1024 --hotfrac 0.5 --pins .5 --pdel .5,2026-09-28 15:55:53
identical-edge-1024-K4,stm,4,405.8890,256389,109537288,5755,686071,339485,631672.6,1690292.0,6772.74,185179.14,317560.83,0.00,0.00,80572704,0,0,0,0,0,0,1021802,108515486,1021802,0,0,0,-,0,--V 1048576 --N 262144 --K 4 --init 4000000 --hot 1024 --hotfrac 0.5 --pins .5 --pdel .5,2026-09-28 15:55:53
identical-edge-1024-K4,stm-nodeg,0,376.5576,258716,97438111,3428,728777,306087,687055.7,1935366.8,6470.66,182303.74,307031.04,0.00,0.00,80572704,0,0,0,0,0,0,868748,96569363,868748,0,0,0,-,0,--V 1048576 --N 262144 --K 4 --init 4000000 --hot 1024 --hotfrac 0.5 --pins .5 --pdel .5,2026-09-28 15:55:57
identical-edge-1024-K4,stm-nodeg,1,358.6151,258839,96911533,3305,728825,306531,721773.9,2032332.4,6082.56,175410.18,296441.86,0.00,0.00,80572704,0,0,0,0,0,0,862240,96049293,862240,0,0,0,-,0,--V 1048576 --N 262144 --K 4 --init 4000000 --hot 1024 --hotfrac 0.5 --pins .5 --pdel .5,2026-09-28 15:55:57
identical-edge-1024-K4,stm-nodeg,2,352.4475,258734,97081051,3410,728740,306196,734106.5,2067655.6,5937.15,171529.22,289125.38,0.00,0.00,80572704,0,0,0,0,0,0,863970,96217081,863970,0,0,0,-,0,--V 1048576 --N 262144 --K 4 --init 4000000 --hot 1024 --hotfrac 0.5 --pins .5 --pdel .5,2026-09-28 15:55:57
identical-edge-1024-K4,stm-nodeg,3,342.7113,258817,96820065,3327,728838,306430,755204.2,2126682.1,5827.58,166579.20,281592.83,0.00,0.00,80572704,0,0,0,0,0,0,860335,95959730,860335,0,0,0,-,0,--V 1048576 --N 262144 --K 4 --init 4000000 --hot 1024 --hotfrac 0.5 --pins .5 --pdel .5,2026-09-28 15:55:57
identical-edge-1024-K4,stm-nodeg,4,330.0680,258787,96860910,3357,728638,306510,784041.6,2207539.3,5606.40,160399.36,270999.55,0.00,0.00,80572704,0,0,0,0,0,0,865461,95995449,865461,0,0,0,-,0,--V 1048576 --N 262144 --K 4 --init 4000000 --hot 1024 --hotfrac 0.5 --pins .5 --pdel .5,2026-09-28 15:55:57
identical-edge-1024-K4,nontx,0,8.0916,262144,0,0,679523,369053,32396861.1,83978318.3,610.30,1978.37,2797.57,0.00,0.00,80572704,0,0,0,0,0,0,0,0,0,0,0,0,-,0,--V 1048576 --N 262144 --K 4 --init 4000000 --hot 1024 --hotfrac 0.5 --pins .5 --pdel .5,2026-09-28 15:56:00
identical-edge-1024-K4,nontx,1,8.2719,262144,0,0,679481,369095,31691014.3,82143562.6,623.62,1995.78,2720.77,0.00,0.00,80572704,0,0,0,0,0,0,0,0,0,0,0,0,-,0,--V 1048576 --N 262144 --K 4 --init 4000000 --hot 1024 --hotfrac 0.5 --pins .5 --pdel .5,2026-09-28 15:56:00
identical-edge-1024-K4,nontx,2,7.6882,262144,0,0,679247,369329,34096963.7,88349381.7,602.11,1786.88,2456.58,0.00,0.00,80572704,0,0,0,0,0,0,0,0,0,0,0,0,-,0,--V 1048576 --N 262144 --K 4 --init 4000000 --hot 1024 --hotfrac 0.5 --pins .5 --pdel .5,2026-09-28 15:56:00
identical-edge-1024-K4,nontx,3,8.0937,262144,0,0,679022,369554,32388665.4,83895173.5,617.47,1928.19,2657.28,0.00,0.00,80572704,0,0,0,0,0,0,0,0,0,0,0,0,-,0,--V 1048576 --N 262144 --K 4 --init 4000000 --hot 1024 --hotfrac 0.5 --pins .5 --pdel .5,2026-09-28 15:56:00
identical-edge-1024-K4,nontx,4,8.2596,262144,0,0,679412,369164,31738158.5,82257407.3,627.71,1966.08,2660.35,0.00,0.00,80572704,0,0,0,0,0,0,0,0,0,0,0,0,-,0,--V 1048576 --N 262144 --K 4 --init 4000000 --hot 1024 --hotfrac 0.5 --pins .5 --pdel .5,2026-09-28 15:56:00
identical-edge-64-K4,gtx,0,488.8228,262144,3032608,0,662862,385714,536276.1,1356037.4,317.44,139482.11,411356.16,0.00,0.00,1624919040,2241854,790754,0,0,0,0,0,0,230153,158196,7770407,164441,-,0,--V 1048576 --N 262144 --K 4 --init 4000000 --hot 64 --hotfrac 0.5 --pins .5 --pdel .5,2026-09-28 15:56:05
identical-edge-64-K4,gtx,1,484.2035,262144,3028458,0,662904,385672,541392.2,1369060.8,314.37,138204.16,406146.05,0.00,0.00,1623702608,2233962,794496,0,0,0,0,0,0,229481,158228,7759600,162532,-,0,--V 1048576 --N 262144 --K 4 --init 4000000 --hot 64 --hotfrac 0.5 --pins .5 --pdel .5,2026-09-28 15:56:05
identical-edge-64-K4,gtx,2,488.8842,262144,3034591,0,663473,385103,536208.8,1357116.8,314.37,137699.33,411060.22,0.00,0.00,1622525048,2235221,799370,0,0,0,0,0,0,230215,157696,7768884,164467,-,0,--V 1048576 --N 262144 --K 4 --init 4000000 --hot 64 --hotfrac 0.5 --pins .5 --pdel .5,2026-09-28 15:56:05
identical-edge-64-K4,gtx,3,489.3297,262144,3041655,0,663124,385452,535720.7,1355168.2,319.49,139788.29,412783.62,0.00,0.00,1625007736,2249007,792648,0,0,0,0,0,0,228242,158562,7788014,164246,-,0,--V 1048576 --N 262144 --K 4 --init 4000000 --hot 64 --hotfrac 0.5 --pins .5 --pdel .5,2026-09-28 15:56:05
identical-edge-64-K4,gtx,4,491.5046,262144,3038118,0,663206,385370,533350.0,1349338.2,317.44,139393.02,415564.80,0.00,0.00,1622168752,2242945,795173,0,0,0,0,0,0,232208,157704,7774648,165283,-,0,--V 1048576 --N 262144 --K 4 --init 4000000 --hot 64 --hotfrac 0.5 --pins .5 --pdel .5,2026-09-28 15:56:05
identical-edge-64-K4,gtx-cons,0,472.0896,262144,2972684,0,662586,385990,555284.4,1403517.5,297.98,133553.15,398049.28,0.00,0.00,1623764256,2180492,792143,49,0,0,0,0,0,231551,157370,7664089,156275,-,0,--V 1048576 --N 262144 --K 4 --init 4000000 --hot 64 --hotfrac 0.5 --pins .5 --pdel .5,2026-09-28 15:56:10
identical-edge-64-K4,gtx-cons,1,475.7227,262144,2961954,0,662956,385620,551043.7,1393576.4,297.98,135274.50,401154.05,0.00,0.00,1622985912,2169434,792450,70,0,0,0,0,0,230031,157024,7653141,157009,-,0,--V 1048576 --N 262144 --K 4 --init 4000000 --hot 64 --hotfrac 0.5 --pins .5 --pdel .5,2026-09-28 15:56:10
identical-edge-64-K4,gtx-cons,2,468.9193,262144,2950351,0,661986,386590,559038.6,1411727.0,302.08,132885.50,398714.88,0.00,0.00,1623923024,2163116,787184,51,0,0,0,0,0,230250,157467,7630457,154331,-,0,--V 1048576 --N 262144 --K 4 --init 4000000 --hot 64 --hotfrac 0.5 --pins .5 --pdel .5,2026-09-28 15:56:10
identical-edge-64-K4,gtx-cons,3,477.5578,262144,2975311,0,662685,385891,548926.3,1387654.1,304.13,133138.43,401805.31,0.00,0.00,1624666504,2184990,790264,57,0,0,0,0,0,230574,157533,7680753,157765,-,0,--V 1048576 --N 262144 --K 4 --init 4000000 --hot 64 --hotfrac 0.5 --pins .5 --pdel .5,2026-09-28 15:56:10
identical-edge-64-K4,gtx-cons,4,475.8262,262144,2962166,0,663368,385208,550923.9,1394139.4,301.06,135135.23,404064.26,0.00,0.00,1623044352,2170073,792027,66,0,0,0,0,0,228624,156788,7655676,156893,-,0,--V 1048576 --N 262144 --K 4 --init 4000000 --hot 64 --hotfrac 0.5 --pins .5 --pdel .5,2026-09-28 15:56:10
identical-edge-64-K4,2pl,0,2248.3579,262144,0,0,689567,359009,116593.5,306698.1,112.64,1622251.52,2123763.71,0.00,0.00,80521696,0,0,0,0,0,0,0,0,3532026827,0,0,0,-,0,--V 1048576 --N 262144 --K 4 --init 4000000 --hot 64 --hotfrac 0.5 --pins .5 --pdel .5,2026-09-28 15:56:28
identical-edge-64-K4,2pl,1,2278.0149,262144,0,0,689362,359214,115075.6,302615.2,114.69,1665528.83,2153289.73,0.00,0.00,80521696,0,0,0,0,0,0,0,0,3614750028,0,0,0,-,0,--V 1048576 --N 262144 --K 4 --init 4000000 --hot 64 --hotfrac 0.5 --pins .5 --pdel .5,2026-09-28 15:56:28
identical-edge-64-K4,2pl,2,2186.9485,262144,0,0,689256,359320,119867.5,315167.9,110.59,1574649.86,2060264.45,0.00,0.00,80521696,0,0,0,0,0,0,0,0,3164790837,0,0,0,-,0,--V 1048576 --N 262144 --K 4 --init 4000000 --hot 64 --hotfrac 0.5 --pins .5 --pdel .5,2026-09-28 15:56:28
identical-edge-64-K4,2pl,3,2234.0444,262144,0,0,689341,359235,117340.5,308561.9,112.64,1619792.90,2109366.27,0.00,0.00,80521696,0,0,0,0,0,0,0,0,3380707212,0,0,0,-,0,--V 1048576 --N 262144 --K 4 --init 4000000 --hot 64 --hotfrac 0.5 --pins .5 --pdel .5,2026-09-28 15:56:28
identical-edge-64-K4,2pl,4,2186.3362,262144,0,0,690046,358530,119901.0,315617.5,112.64,1588403.20,2059478.02,0.00,0.00,80521696,0,0,0,0,0,0,0,0,3017754518,0,0,0,-,0,--V 1048576 --N 262144 --K 4 --init 4000000 --hot 64 --hotfrac 0.5 --pins .5 --pdel .5,2026-09-28 15:56:28
identical-edge-64-K4,stm,0,1248.1935,179598,442056578,82546,460427,257965,143886.3,368874.7,10679.30,255547.39,414137.34,0.00,0.00,80521696,0,0,0,0,0,0,3303343,438753235,3303343,0,0,0,-,0,--V 1048576 --N 262144 --K 4 --init 4000000 --hot 64 --hotfrac 0.5 --pins .5 --pdel .5,2026-09-28 15:56:37
identical-edge-64-K4,stm,1,992.8878,180525,439866141,81619,462746,259354,181818.1,466060.7,8516.61,205368.32,329799.68,0.00,0.00,80521696,0,0,0,0,0,0,3259155,436606986,3259155,0,0,0,-,0,--V 1048576 --N 262144 --K 4 --init 4000000 --hot 64 --hotfrac 0.5 --pins .5 --pdel .5,2026-09-28 15:56:37
identical-edge-64-K4,stm,2,836.1462,180863,438633283,81281,463621,259831,216305.5,554473.6,7129.09,171720.70,274279.42,0.00,0.00,80521696,0,0,0,0,0,0,3245727,435387556,3245727,0,0,0,-,0,--V 1048576 --N 262144 --K 4 --init 4000000 --hot 64 --hotfrac 0.5 --pins .5 --pdel .5,2026-09-28 15:56:37
identical-edge-64-K4,stm,3,736.5212,181390,436302538,80754,464671,260889,246279.4,630899.7,6254.59,153340.93,244304.90,0.00,0.00,80521696,0,0,0,0,0,0,3220774,433081764,3220774,0,0,0,-,0,--V 1048576 --N 262144 --K 4 --init 4000000 --hot 64 --hotfrac 0.5 --pins .5 --pdel .5,2026-09-28 15:56:37
identical-edge-64-K4,stm,4,711.3083,181567,436323867,80577,465236,261032,255257.8,654056.8,6115.33,148726.78,235267.07,0.00,0.00,80521696,0,0,0,0,0,0,3210106,433113761,3210106,0,0,0,-,0,--V 1048576 --N 262144 --K 4 --init 4000000 --hot 64 --hotfrac 0.5 --pins .5 --pdel .5,2026-09-28 15:56:37
identical-edge-64-K4,stm-nodeg,0,1129.2784,156892,505777539,105252,463236,164332,138931.2,410205.3,14560.26,165524.48,274627.58,0.00,0.00,80521696,0,0,0,0,0,0,2181338,503596201,2181338,0,0,0,-,0,--V 1048576 --N 262144 --K 4 --init 4000000 --hot 64 --hotfrac 0.5 --pins .5 --pdel .5,2026-09-28 15:56:44
identical-edge-64-K4,stm-nodeg,1,887.6595,157510,503682301,104634,465023,165017,177444.2,523875.4,11392.00,131051.52,217878.53,0.00,0.00,80521696,0,0,0,0,0,0,2149073,501533228,2149073,0,0,0,-,0,--V 1048576 --N 262144 --K 4 --init 4000000 --hot 64 --hotfrac 0.5 --pins .5 --pdel .5,2026-09-28 15:56:44
identical-edge-64-K4,stm-nodeg,2,764.3566,158066,502160884,104078,466480,165784,206796.1,610291.0,9686.02,113479.68,188879.87,0.00,0.00,80521696,0,0,0,0,0,0,2147033,500013851,2147033,0,0,0,-,0,--V 1048576 --N 262144 --K 4 --init 4000000 --hot 64 --hotfrac 0.5 --pins .5 --pdel .5,2026-09-28 15:56:44
identical-edge-64-K4,stm-nodeg,3,665.6758,158493,500736002,103651,467587,166385,238093.4,702424.5,8255.49,99363.84,165528.58,0.00,0.00,80521696,0,0,0,0,0,0,2121493,498614509,2121493,0,0,0,-,0,--V 1048576 --N 262144 --K 4 --init 4000000 --hot 64 --hotfrac 0.5 --pins .5 --pdel .5,2026-09-28 15:56:44
identical-edge-64-K4,stm-nodeg,4,613.7815,158891,499338836,103253,468749,166815,258872.3,763706.6,7570.43,93014.02,153569.28,0.00,0.00,80521696,0,0,0,0,0,0,2102987,497235849,2102987,0,0,0,-,0,--V 1048576 --N 262144 --K 4 --init 4000000 --hot 64 --hotfrac 0.5 --pins .5 --pdel .5,2026-09-28 15:56:44
identical-edge-64-K4,nontx,0,47.6948,262144,0,0,656897,391679,5496275.1,13772913.4,3576.83,12477.44,16119.81,0.00,0.00,80521696,0,0,0,0,0,0,0,0,0,0,0,0,-,0,--V 1048576 --N 262144 --K 4 --init 4000000 --hot 64 --hotfrac 0.5 --pins .5 --pdel .5,2026-09-28 15:56:47
identical-edge-64-K4,nontx,1,47.5679,262144,0,0,656504,392072,5510946.7,13801416.5,3536.90,12323.84,16147.46,0.00,0.00,80521696,0,0,0,0,0,0,0,0,0,0,0,0,-,0,--V 1048576 --N 262144 --K 4 --init 4000000 --hot 64 --hotfrac 0.5 --pins .5 --pdel .5,2026-09-28 15:56:47
identical-edge-64-K4,nontx,2,47.5075,262144,0,0,657175,391401,5517954.7,13833091.3,3543.04,12606.46,16105.47,0.00,0.00,80521696,0,0,0,0,0,0,0,0,0,0,0,0,-,0,--V 1048576 --N 262144 --K 4 --init 4000000 --hot 64 --hotfrac 0.5 --pins .5 --pdel .5,2026-09-28 15:56:47
identical-edge-64-K4,nontx,3,47.0630,262144,0,0,656820,391756,5570060.7,13956174.0,3699.71,12428.29,16138.24,0.00,0.00,80521696,0,0,0,0,0,0,0,0,0,0,0,0,-,0,--V 1048576 --N 262144 --K 4 --init 4000000 --hot 64 --hotfrac 0.5 --pins .5 --pdel .5,2026-09-28 15:56:47
identical-edge-64-K4,nontx,4,47.3764,262144,0,0,656535,392041,5533220.9,13857853.5,3604.48,12362.75,16128.00,0.00,0.00,80521696,0,0,0,0,0,0,0,0,0,0,0,0,-,0,--V 1048576 --N 262144 --K 4 --init 4000000 --hot 64 --hotfrac 0.5 --pins .5 --pdel .5,2026-09-28 15:56:47
zipf-readers50-K4,gtx,0,438.1051,262144,3054,0,509716,15748,598358.7,1163456.0,15870.98,63333.38,91682.82,16987.14,90153.98,626078320,1997,1057,0,0,0,0,0,0,7,23264,532720,125601,-,0,--V 1048576 --N 262144 --K 4 --init 4000000 --src zipf --zipf 1.0 --pins .5 --pdel .5 --ro 0.5 --roscan 0.1,2026-09-28 15:56:52
zipf-readers50-K4,gtx,1,429.2260,262144,2462,0,509713,15751,610736.6,1187516.6,15552.51,63603.71,89040.90,16949.25,87890.94,626050000,1449,1013,0,0,0,0,0,0,6,23247,531281,125861,-,0,--V 1048576 --N 262144 --K 4 --init 4000000 --src zipf --zipf 1.0 --pins .5 --pdel .5 --ro 0.5 --roscan 0.1,2026-09-28 15:56:52
zipf-readers50-K4,gtx,2,437.6781,262144,2457,0,509707,15757,598942.5,1164570.6,16719.87,64550.91,91346.94,17491.97,90240.00,625955528,1431,1026,0,0,0,0,0,0,9,23248,531050,120223,-,0,--V 1048576 --N 262144 --K 4 --init 4000000 --src zipf --zipf 1.0 --pins .5 --pdel .5 --ro 0.5 --roscan 0.1,2026-09-28 15:56:52
zipf-readers50-K4,gtx,3,443.0735,262144,2481,0,509701,15763,591649.0,1150375.6,16175.10,64163.84,92666.88,16745.47,90797.06,625815240,1509,972,0,0,0,0,0,0,7,23250,531226,129629,-,0,--V 1048576 --N 262144 --K 4 --init 4000000 --src zipf --zipf 1.0 --pins .5 --pdel .5 --ro 0.5 --roscan 0.1,2026-09-28 15:56:52
zipf-readers50-K4,gtx,4,439.6288,262144,2274,0,509701,15763,596284.8,1159389.4,15718.40,63523.84,91648.00,16820.22,90390.53,625875536,1292,982,0,0,0,0,0,0,4,23242,530560,128377,-,0,--V 1048576 --N 262144 --K 4 --init 4000000 --src zipf --zipf 1.0 --pins .5 --pdel .5 --ro 0.5 --roscan 0.1,2026-09-28 15:56:52
zipf-readers50-K4,gtx-cons,0,449.7429,262144,5430,0,509674,15790,582875.3,1133256.5,16058.37,65734.66,98390.02,16739.33,92097.54,629480496,1859,1008,2563,0,0,0,0,0,9,23332,563155,128744,-,0,--V 1048576 --N 262144 --K 4 --init 4000000 --src zipf --zipf 1.0 --pins .5 --pdel .5 --ro 0.5 --roscan 0.1,2026-09-28 15:56:58
zipf-readers50-K4,gtx-cons,1,448.3236,262144,5135,0,509685,15779,584720.5,1136868.6,16098.30,66446.34,97698.82,16610.30,91504.64,629028848,1401,1022,2712,0,0,0,0,0,8,23313,562239,131290,-,0,--V 1048576 --N 262144 --K 4 --init 4000000 --src zipf --zipf 1.0 --pins .5 --pdel .5 --ro 0.5 --roscan 0.1,2026-09-28 15:56:58
zipf-readers50-K4,gtx-cons,2,440.3927,262144,4850,0,509682,15782,595250.6,1157335.3,15979.52,65616.90,97018.88,16876.54,91747.33,629024904,1426,1022,2402,0,0,0,0,0,6,23321,562294,127512,-,0,--V 1048576 --N 262144 --K 4 --init 4000000 --src zipf --zipf 1.0 --pins .5 --pdel .5 --ro 0.5 --roscan 0.1,2026-09-28 15:56:58
zipf-readers50-K4,gtx-cons,3,440.0107,262144,5047,0,509699,15765,595767.3,1158378.6,15760.38,64129.02,97131.52,16782.34,88421.38,629210488,1564,1030,2453,0,0,0,0,0,4,23323,562860,126467,-,0,--V 1048576 --N 262144 --K 4 --init 4000000 --src zipf --zipf 1.0 --pins .5 --pdel .5 --ro 0.5 --roscan 0.1,2026-09-28 15:56:58
zipf-readers50-K4,gtx-cons,4,445.2751,262144,4825,0,509687,15777,588723.6,1144656.3,16908.29,65684.48,96079.87,17745.92,88500.22,629047080,1261,1001,2563,0,0,0,0,0,6,23318,561813,125428,-,0,--V 1048576 --N 262144 --K 4 --init 4000000 --src zipf --zipf 1.0 --pins .5 --pdel .5 --ro 0.5 --roscan 0.1,2026-09-28 15:56:58
zipf-readers50-K4,2pl,-1,DNF>90000,,,,,,,,,,,,,,,,,,,,,,,,,,,,--V 1048576 --N 262144 --K 4 --init 4000000 --src zipf --zipf 1.0 --pins .5 --pdel .5 --ro 0.5 --roscan 0.1,2026-09-28 15:58:28
zipf-readers50-K4,stm,0,2885.6729,206118,269889719,56026,289846,11518,71428.1,100443.1,2893.82,294873.09,502388.74,243.71,2308196.35,99717856,0,0,0,0,0,0,3802496,266087223,3802496,0,0,0,-,0,--V 1048576 --N 262144 --K 4 --init 4000000 --src zipf --zipf 1.0 --pins .5 --pdel .5 --ro 0.5 --roscan 0.1,2026-09-28 15:58:50
zipf-readers50-K4,stm,1,2929.8657,205961,270028161,56183,289234,11502,70297.1,98719.2,2915.33,290636.80,496269.31,241.66,2329868.29,99717856,0,0,0,0,0,0,3857213,266170948,3857213,0,0,0,-,0,--V 1048576 --N 262144 --K 4 --init 4000000 --src zipf --zipf 1.0 --pins .5 --pdel .5 --ro 0.5 --roscan 0.1,2026-09-28 15:58:50
zipf-readers50-K4,stm,2,2929.6477,205972,269960691,56172,289275,11501,70306.1,98740.5,2813.95,293089.28,500605.95,241.66,2321400.83,99717856,0,0,0,0,0,0,3791827,266168864,3791827,0,0,0,-,0,--V 1048576 --N 262144 --K 4 --init 4000000 --src zipf --zipf 1.0 --pins .5 --pdel .5 --ro 0.5 --roscan 0.1,2026-09-28 15:58:50
zipf-readers50-K4,stm,3,2882.0449,206088,269673919,56056,289775,11469,71507.6,100544.9,2853.89,293385.22,492661.76,240.64,2304197.63,99717856,0,0,0,0,0,0,3804353,265869566,3804353,0,0,0,-,0,--V 1048576 --N 262144 --K 4 --init 4000000 --src zipf --zipf 1.0 --pins .5 --pdel .5 --ro 0.5 --roscan 0.1,2026-09-28 15:58:50
zipf-readers50-K4,stm,4,2945.6128,206119,269811765,56025,289968,11400,69974.9,98440.6,2856.96,294705.15,491751.42,241.66,2281164.80,99717856,0,0,0,0,0,0,3825137,265986628,3825137,0,0,0,-,0,--V 1048576 --N 262144 --K 4 --init 4000000 --src zipf --zipf 1.0 --pins .5 --pdel .5 --ro 0.5 --roscan 0.1,2026-09-28 15:58:50
zipf-readers50-K4,stm-nodeg,0,1500.5901,262144,371994,0,509951,15513,174693.9,339833.6,564.22,1335.30,2050.05,301.06,795162.62,99717856,0,0,0,0,0,0,104,371890,104,0,0,0,-,0,--V 1048576 --N 262144 --K 4 --init 4000000 --src zipf --zipf 1.0 --pins .5 --pdel .5 --ro 0.5 --roscan 0.1,2026-09-28 15:59:01
zipf-readers50-K4,stm-nodeg,1,1155.5021,262144,372202,0,509956,15508,226865.9,441328.5,381.95,864.26,1310.72,204.80,590976.00,99717856,0,0,0,0,0,0,107,372095,107,0,0,0,-,0,--V 1048576 --N 262144 --K 4 --init 4000000 --src zipf --zipf 1.0 --pins .5 --pdel .5 --ro 0.5 --roscan 0.1,2026-09-28 15:59:01
zipf-readers50-K4,stm-nodeg,2,1110.4686,262144,373911,0,509939,15525,236066.1,459210.6,342.02,729.09,1100.80,184.32,501351.42,99717856,0,0,0,0,0,0,100,373811,100,0,0,0,-,0,--V 1048576 --N 262144 --K 4 --init 4000000 --src zipf --zipf 1.0 --pins .5 --pdel .5 --ro 0.5 --roscan 0.1,2026-09-28 15:59:01
zipf-readers50-K4,stm-nodeg,3,1100.9116,262144,373275,0,509948,15516,238115.4,463205.2,336.90,728.06,1086.46,182.27,527249.41,99717856,0,0,0,0,0,0,104,373171,104,0,0,0,-,0,--V 1048576 --N 262144 --K 4 --init 4000000 --src zipf --zipf 1.0 --pins .5 --pdel .5 --ro 0.5 --roscan 0.1,2026-09-28 15:59:01
zipf-readers50-K4,stm-nodeg,4,1038.4507,262144,376685,0,509966,15498,252437.6,491083.5,333.82,741.38,1084.42,181.25,497045.50,99717856,0,0,0,0,0,0,120,376565,120,0,0,0,-,0,--V 1048576 --N 262144 --K 4 --init 4000000 --src zipf --zipf 1.0 --pins .5 --pdel .5 --ro 0.5 --roscan 0.1,2026-09-28 15:59:01
zipf-readers50-K4,nontx,0,437.4927,262144,0,0,509832,15632,599196.2,1165349.6,199.68,1146.88,5801.98,272.38,344505.34,99717856,0,0,0,0,0,0,0,0,0,0,0,0,-,0,--V 1048576 --N 262144 --K 4 --init 4000000 --src zipf --zipf 1.0 --pins .5 --pdel .5 --ro 0.5 --roscan 0.1,2026-09-28 15:59:07
zipf-readers50-K4,nontx,1,421.4559,262144,0,0,509825,15639,621996.3,1209675.9,174.08,948.22,4866.05,221.18,316894.21,99717856,0,0,0,0,0,0,0,0,0,0,0,0,-,0,--V 1048576 --N 262144 --K 4 --init 4000000 --src zipf --zipf 1.0 --pins .5 --pdel .5 --ro 0.5 --roscan 0.1,2026-09-28 15:59:07
zipf-readers50-K4,nontx,2,389.1436,262144,0,0,509825,15639,673643.4,1310120.6,167.94,913.41,4344.83,215.04,306231.30,99717856,0,0,0,0,0,0,0,0,0,0,0,0,-,0,--V 1048576 --N 262144 --K 4 --init 4000000 --src zipf --zipf 1.0 --pins .5 --pdel .5 --ro 0.5 --roscan 0.1,2026-09-28 15:59:07
zipf-readers50-K4,nontx,3,392.1777,262144,0,0,509819,15645,668431.7,1299969.5,162.82,844.80,4730.88,206.85,294938.62,99717856,0,0,0,0,0,0,0,0,0,0,0,0,-,0,--V 1048576 --N 262144 --K 4 --init 4000000 --src zipf --zipf 1.0 --pins .5 --pdel .5 --ro 0.5 --roscan 0.1,2026-09-28 15:59:07
zipf-readers50-K4,nontx,4,369.5493,262144,0,0,509817,15647,709361.3,1379564.2,161.79,945.15,4460.54,209.92,287269.89,99717856,0,0,0,0,0,0,0,0,0,0,0,0,-,0,--V 1048576 --N 262144 --K 4 --init 4000000 --src zipf --zipf 1.0 --pins .5 --pdel .5 --ro 0.5 --roscan 0.1,2026-09-28 15:59:07
uniform-readers50-K4,gtx,0,4.4503,262144,1774,0,517199,8265,58904739.6,116216554.3,244.74,293.89,484.35,243.71,310.27,477733904,727,1047,0,0,0,0,0,0,110,31287,561671,748,-,0,--V 1048576 --N 262144 --K 4 --init 4000000 --pins .5 --pdel .5 --ro 0.5 --roscan 0.1,2026-09-28 15:59:09
uniform-readers50-K4,gtx,1,4.4534,262144,1795,0,517194,8270,58864109.1,116135269.4,245.76,293.89,483.33,244.74,307.20,477776120,730,1065,0,0,0,0,0,0,106,31305,561753,754,-,0,--V 1048576 --N 262144 --K 4 --init 4000000 --pins .5 --pdel .5 --ro 0.5 --roscan 0.1,2026-09-28 15:59:09
uniform-readers50-K4,gtx,2,5.3996,262144,1754,0,517198,8266,48549214.2,95785356.4,250.88,788.48,841.73,248.83,831.49,477743088,709,1045,0,0,0,0,0,0,103,31291,561615,747,-,0,--V 1048576 --N 262144 --K 4 --init 4000000 --pins .5 --pdel .5 --ro 0.5 --roscan 0.1,2026-09-28 15:59:09
uniform-readers50-K4,gtx,3,4.4472,262144,1798,0,517203,8261,58945432.5,116297739.1,245.76,292.86,483.33,243.71,306.18,477783152,721,1077,0,0,0,0,0,0,90,31308,561755,754,-,0,--V 1048576 --N 262144 --K 4 --init 4000000 --pins .5 --pdel .5 --ro 0.5 --roscan 0.1,2026-09-28 15:59:09
uniform-readers50-K4,gtx,4,5.0115,262144,1782,0,517192,8272,52308949.6,103201943.4,247.81,769.02,825.34,245.76,819.20,477771344,711,1071,0,0,0,0,0,0,108,31303,561749,754,-,0,--V 1048576 --N 262144 --K 4 --init 4000000 --pins .5 --pdel .5 --ro 0.5 --roscan 0.1,2026-09-28 15:59:09
uniform-readers50-K4,gtx-cons,0,5.0504,262144,3218,0,517170,8294,51905922.2,102402442.2,247.81,783.36,841.73,245.76,831.49,481616800,725,1038,1455,0,0,0,0,0,105,32130,566645,749,-,0,--V 1048576 --N 262144 --K 4 --init 4000000 --pins .5 --pdel .5 --ro 0.5 --roscan 0.1,2026-09-28 15:59:12
uniform-readers50-K4,gtx-cons,1,4.8794,262144,3225,0,517175,8289,53725076.5,105992379.9,248.83,604.16,712.70,245.76,642.05,481591144,722,1050,1453,0,0,0,0,0,103,32124,566620,743,-,0,--V 1048576 --N 262144 --K 4 --init 4000000 --pins .5 --pdel .5 --ro 0.5 --roscan 0.1,2026-09-28 15:59:12
uniform-readers50-K4,gtx-cons,2,5.0401,262144,3213,0,517181,8283,52011375.1,102612667.0,247.81,780.29,833.54,245.76,822.27,481640376,721,1046,1446,0,0,0,0,0,100,32144,566619,750,-,0,--V 1048576 --N 262144 --K 4 --init 4000000 --pins .5 --pdel .5 --ro 0.5 --roscan 0.1,2026-09-28 15:59:12
uniform-readers50-K4,gtx-cons,3,4.8701,262144,3247,0,517180,8284,53826746.4,106193987.6,247.81,619.52,719.87,245.76,653.31,481607872,714,1066,1467,0,0,0,0,0,93,32135,566683,730,-,0,--V 1048576 --N 262144 --K 4 --init 4000000 --pins .5 --pdel .5 --ro 0.5 --roscan 0.1,2026-09-28 15:59:12
uniform-readers50-K4,gtx-cons,4,5.0534,262144,3231,0,517176,8288,51874365.8,102341373.5,247.81,782.34,844.80,245.76,830.46,481626200,735,1026,1470,0,0,0,0,0,90,32145,566754,750,-,0,--V 1048576 --N 262144 --K 4 --init 4000000 --pins .5 --pdel .5 --ro 0.5 --roscan 0.1,2026-09-28 15:59:12
uniform-readers50-K4,2pl,0,3.4294,262144,0,0,517172,8292,76440731.1,150806449.1,283.65,533.50,727.04,320.51,683.01,77361952,0,0,0,0,0,0,0,0,314935,0,0,0,-,0,--V 1048576 --N 262144 --K 4 --init 4000000 --pins .5 --pdel .5 --ro 0.5 --roscan 0.1,2026-09-28 15:59:14
uniform-readers50-K4,2pl,1,3.4478,262144,0,0,517161,8303,76032075.4,149997040.4,282.62,536.58,724.99,320.51,688.13,77361952,0,0,0,0,0,0,0,0,315916,0,0,0,-,0,--V 1048576 --N 262144 --K 4 --init 4000000 --pins .5 --pdel .5 --ro 0.5 --roscan 0.1,2026-09-28 15:59:14
uniform-readers50-K4,2pl,2,3.8472,262144,0,0,517165,8299,68139473.5,134427455.3,286.72,615.42,814.08,325.63,772.10,77361952,0,0,0,0,0,0,0,0,314911,0,0,0,-,0,--V 1048576 --N 262144 --K 4 --init 4000000 --pins .5 --pdel .5 --ro 0.5 --roscan 0.1,2026-09-28 15:59:14
uniform-readers50-K4,2pl,3,3.4058,262144,0,0,517175,8289,76969333.8,151850186.1,282.62,534.53,729.09,320.51,687.10,77361952,0,0,0,0,0,0,0,0,313947,0,0,0,-,0,--V 1048576 --N 262144 --K 4 --init 4000000 --pins .5 --pdel .5 --ro 0.5 --roscan 0.1,2026-09-28 15:59:14
uniform-readers50-K4,2pl,4,3.4560,262144,0,0,517183,8281,75851849.9,149647854.9,283.65,534.53,720.90,320.51,686.08,77361952,0,0,0,0,0,0,0,0,313338,0,0,0,-,0,--V 1048576 --N 262144 --K 4 --init 4000000 --pins .5 --pdel .5 --ro 0.5 --roscan 0.1,2026-09-28 15:59:14
uniform-readers50-K4,stm,0,11.8129,262144,105705,0,516963,8501,22191400.3,43762713.8,1220.61,3378.18,5174.27,504.83,3129.34,77361952,0,0,0,0,0,0,4155,101550,4155,0,0,0,-,0,--V 1048576 --N 262144 --K 4 --init 4000000 --pins .5 --pdel .5 --ro 0.5 --roscan 0.1,2026-09-28 15:59:16
uniform-readers50-K4,stm,1,11.7637,262144,105381,0,516987,8477,22284122.7,43947608.0,1222.66,3338.24,5154.82,502.78,3077.12,77361952,0,0,0,0,0,0,4052,101329,4052,0,0,0,-,0,--V 1048576 --N 262144 --K 4 --init 4000000 --pins .5 --pdel .5 --ro 0.5 --roscan 0.1,2026-09-28 15:59:16
uniform-readers50-K4,stm,2,11.8231,262144,105908,0,516986,8478,22172181.0,43726757.7,1223.68,3358.72,5199.87,503.81,3132.42,77361952,0,0,0,0,0,0,4052,101856,4052,0,0,0,-,0,--V 1048576 --N 262144 --K 4 --init 4000000 --pins .5 --pdel .5 --ro 0.5 --roscan 0.1,2026-09-28 15:59:16
uniform-readers50-K4,stm,3,11.7883,262144,106105,0,516971,8493,22237664.8,43854628.8,1222.66,3375.10,5194.75,503.81,3113.98,77361952,0,0,0,0,0,0,4040,102065,4040,0,0,0,-,0,--V 1048576 --N 262144 --K 4 --init 4000000 --pins .5 --pdel .5 --ro 0.5 --roscan 0.1,2026-09-28 15:59:16
uniform-readers50-K4,stm,4,11.7176,262144,105457,0,516950,8514,22371755.1,44117274.5,1221.63,3396.61,5143.55,503.81,3163.14,77361952,0,0,0,0,0,0,4007,101450,4007,0,0,0,-,0,--V 1048576 --N 262144 --K 4 --init 4000000 --pins .5 --pdel .5 --ro 0.5 --roscan 0.1,2026-09-28 15:59:16
uniform-readers50-K4,stm-nodeg,0,6.0989,262144,27366,0,517186,8278,42981865.7,84799267.6,595.97,1402.88,2049.02,332.80,1769.47,77361952,0,0,0,0,0,0,24,27342,24,0,0,0,-,0,--V 1048576 --N 262144 --K 4 --init 4000000 --pins .5 --pdel .5 --ro 0.5 --roscan 0.1,2026-09-28 15:59:18
uniform-readers50-K4,stm-nodeg,1,5.4497,262144,27353,0,517181,8283,48102217.1,94900332.4,574.46,1069.06,1619.97,324.61,1438.72,77361952,0,0,0,0,0,0,22,27331,22,0,0,0,-,0,--V 1048576 --N 262144 --K 4 --init 4000000 --pins .5 --pdel .5 --ro 0.5 --roscan 0.1,2026-09-28 15:59:18
uniform-readers50-K4,stm-nodeg,2,6.1594,262144,27368,0,517176,8288,42560266.5,83965867.5,598.02,1386.50,1908.74,332.80,1713.15,77361952,0,0,0,0,0,0,20,27348,20,0,0,0,-,0,--V 1048576 --N 262144 --K 4 --init 4000000 --pins .5 --pdel .5 --ro 0.5 --roscan 0.1,2026-09-28 15:59:18
uniform-readers50-K4,stm-nodeg,3,5.9197,262144,27367,0,517185,8279,44282995.9,87366108.9,598.02,1246.21,1813.50,331.78,1585.15,77361952,0,0,0,0,0,0,37,27330,37,0,0,0,-,0,--V 1048576 --N 262144 --K 4 --init 4000000 --pins .5 --pdel .5 --ro 0.5 --roscan 0.1,2026-09-28 15:59:18
uniform-readers50-K4,stm-nodeg,4,6.1020,262144,27151,0,517171,8293,42960228.4,84754121.0,601.09,1280.00,1806.34,327.68,1622.02,77361952,0,0,0,0,0,0,30,27121,30,0,0,0,-,0,--V 1048576 --N 262144 --K 4 --init 4000000 --pins .5 --pdel .5 --ro 0.5 --roscan 0.1,2026-09-28 15:59:18
uniform-readers50-K4,nontx,0,2.6368,262144,0,0,517050,8414,99417473.8,196089953.8,169.98,765.95,860.16,189.44,919.55,77361952,0,0,0,0,0,0,0,0,0,0,0,0,-,0,--V 1048576 --N 262144 --K 4 --init 4000000 --pins .5 --pdel .5 --ro 0.5 --roscan 0.1,2026-09-28 15:59:20
uniform-readers50-K4,nontx,1,2.4177,262144,0,0,517046,8418,108428629.6,213861805.9,167.94,573.44,660.48,186.37,717.82,77361952,0,0,0,0,0,0,0,0,0,0,0,0,-,0,--V 1048576 --N 262144 --K 4 --init 4000000 --pins .5 --pdel .5 --ro 0.5 --roscan 0.1,2026-09-28 15:59:20
uniform-readers50-K4,nontx,2,1.9804,262144,0,0,517033,8431,132368144.9,261072918.2,159.74,268.29,336.90,178.18,387.07,77361952,0,0,0,0,0,0,0,0,0,0,0,0,-,0,--V 1048576 --N 262144 --K 4 --init 4000000 --pins .5 --pdel .5 --ro 0.5 --roscan 0.1,2026-09-28 15:59:20
uniform-readers50-K4,nontx,3,1.9773,262144,0,0,517032,8432,132573793.5,261478018.3,159.74,268.29,336.90,178.18,385.02,77361952,0,0,0,0,0,0,0,0,0,0,0,0,-,0,--V 1048576 --N 262144 --K 4 --init 4000000 --pins .5 --pdel .5 --ro 0.5 --roscan 0.1,2026-09-28 15:59:20
uniform-readers50-K4,nontx,4,1.9886,262144,0,0,517057,8407,131822862.9,260009513.8,160.77,270.34,338.94,178.18,387.07,77361952,0,0,0,0,0,0,0,0,0,0,0,0,-,0,--V 1048576 --N 262144 --K 4 --init 4000000 --pins .5 --pdel .5 --ro 0.5 --roscan 0.1,2026-09-28 15:59:20
rmat-readers90-K4,gtx,0,15.6396,262144,80,0,104369,379,16761605.3,6673400.8,648.19,1811.46,2514.94,655.36,2498.56,489522864,37,43,0,0,0,0,0,0,3,2867,107810,4702,-,0,--V 1048576 --N 262144 --K 4 --init 4000000 --src rmat --pins .5 --pdel .5 --ro 0.9 --roscan 0.1,2026-09-28 15:59:23
rmat-readers90-K4,gtx,1,15.1296,262144,84,0,104369,379,17326565.6,6898331.9,640.00,1755.14,2415.62,644.10,2415.62,489522896,38,46,0,0,0,0,0,0,2,2867,107832,4622,-,0,--V 1048576 --N 262144 --K 4 --init 4000000 --src rmat --pins .5 --pdel .5 --ro 0.9 --roscan 0.1,2026-09-28 15:59:23
rmat-readers90-K4,gtx,2,15.3313,262144,79,0,104370,378,17098583.6,6807629.3,654.34,1787.90,2510.85,658.43,2503.68,489525192,39,40,0,0,0,0,0,0,2,2868,107820,4543,-,0,--V 1048576 --N 262144 --K 4 --init 4000000 --src rmat --pins .5 --pdel .5 --ro 0.9 --roscan 0.1,2026-09-28 15:59:23
rmat-readers90-K4,gtx,3,14.9166,262144,86,0,104370,378,17574005.8,6996913.9,638.98,1769.47,2453.50,643.07,2433.02,489522912,36,50,0,0,0,0,0,0,1,2867,107834,4512,-,0,--V 1048576 --N 262144 --K 4 --init 4000000 --src rmat --pins .5 --pdel .5 --ro 0.9 --roscan 0.1,2026-09-28 15:59:23
rmat-readers90-K4,gtx,4,14.6893,262144,81,0,104370,378,17845939.9,7105181.7,637.95,1727.49,2393.09,641.02,2384.90,489522872,34,47,0,0,0,0,0,0,4,2867,107829,4475,-,0,--V 1048576 --N 262144 --K 4 --init 4000000 --src rmat --pins .5 --pdel .5 --ro 0.9 --roscan 0.1,2026-09-28 15:59:23
rmat-readers90-K4,gtx-cons,0,15.2689,262144,178,0,104370,378,17168533.7,6835479.2,659.46,1829.89,2506.75,664.58,2472.96,492876104,35,48,95,0,0,0,0,0,1,2893,108139,4473,-,0,--V 1048576 --N 262144 --K 4 --init 4000000 --src rmat --pins .5 --pdel .5 --ro 0.9 --roscan 0.1,2026-09-28 15:59:26
rmat-readers90-K4,gtx-cons,1,15.5146,262144,177,0,104370,378,16896574.9,6727201.5,641.02,1804.29,2480.13,646.14,2444.29,493489632,41,46,90,0,0,0,0,0,1,2901,108151,4666,-,0,--V 1048576 --N 262144 --K 4 --init 4000000 --src rmat --pins .5 --pdel .5 --ro 0.9 --roscan 0.1,2026-09-28 15:59:26
rmat-readers90-K4,gtx-cons,2,15.3692,262144,164,0,104371,377,17056432.8,6790912.4,652.29,1825.79,2569.22,653.31,2553.86,493482840,29,53,82,0,0,0,0,0,1,2901,108092,4554,-,0,--V 1048576 --N 262144 --K 4 --init 4000000 --src rmat --pins .5 --pdel .5 --ro 0.9 --roscan 0.1,2026-09-28 15:59:26
rmat-readers90-K4,gtx-cons,3,15.3610,262144,161,0,104369,379,17065529.1,6794403.9,660.48,1801.22,2468.86,664.58,2425.86,493016840,43,41,77,0,0,0,0,0,1,2896,108107,4535,-,0,--V 1048576 --N 262144 --K 4 --init 4000000 --src rmat --pins .5 --pdel .5 --ro 0.9 --roscan 0.1,2026-09-28 15:59:26
rmat-readers90-K4,gtx-cons,4,14.8521,262144,168,0,104370,378,17650303.8,7027291.2,640.00,1805.31,2486.27,643.07,2449.41,493337552,38,48,82,0,0,0,0,0,1,2904,108130,4476,-,0,--V 1048576 --N 262144 --K 4 --init 4000000 --src rmat --pins .5 --pdel .5 --ro 0.9 --roscan 0.1,2026-09-28 15:59:26
rmat-readers90-K4,2pl,0,697.6297,262144,0,0,104292,456,375763.8,149494.8,16582.66,616850.43,677292.03,190.46,651670.53,101502624,0,0,0,0,0,0,0,0,2528707629,0,0,0,-,0,--V 1048576 --N 262144 --K 4 --init 4000000 --src rmat --pins .5 --pdel .5 --ro 0.9 --roscan 0.1,2026-09-28 15:59:31
rmat-readers90-K4,2pl,1,504.2954,262144,0,0,104291,457,519822.3,206805.4,8250.37,446891.01,496303.10,141.31,473524.22,101502624,0,0,0,0,0,0,0,0,2117219648,0,0,0,-,0,--V 1048576 --N 262144 --K 4 --init 4000000 --src rmat --pins .5 --pdel .5 --ro 0.9 --roscan 0.1,2026-09-28 15:59:31
rmat-readers90-K4,2pl,2,436.1154,262144,0,0,104285,463,601088.5,239122.5,9601.02,387724.29,415025.15,144.38,402429.95,101502624,0,0,0,0,0,0,0,0,1888740243,0,0,0,-,0,--V 1048576 --N 262144 --K 4 --init 4000000 --src rmat --pins .5 --pdel .5 --ro 0.9 --roscan 0.1,2026-09-28 15:59:31
rmat-readers90-K4,2pl,3,488.4583,262144,0,0,104288,460,536676.4,213504.4,14759.94,451660.80,478873.60,135.17,458892.29,101502624,0,0,0,0,0,0,0,0,2186005379,0,0,0,-,0,--V 1048576 --N 262144 --K 4 --init 4000000 --src rmat --pins .5 --pdel .5 --ro 0.9 --roscan 0.1,2026-09-28 15:59:31
rmat-readers90-K4,2pl,4,358.6314,262144,0,0,104286,462,730956.6,290788.8,9955.33,314953.73,346145.79,129.02,327042.05,101502624,0,0,0,0,0,0,0,0,1629494403,0,0,0,-,0,--V 1048576 --N 262144 --K 4 --init 4000000 --src rmat --pins .5 --pdel .5 --ro 0.9 --roscan 0.1,2026-09-28 15:59:31
rmat-readers90-K4,stm,0,460.7887,262144,2398544,0,104300,448,568902.8,226351.0,4966.40,151513.09,215848.96,660.48,255469.57,101502624,0,0,0,0,0,0,102619,2295925,102619,0,0,0,-,0,--V 1048576 --N 262144 --K 4 --init 4000000 --src rmat --pins .5 --pdel .5 --ro 0.9 --roscan 0.1,2026-09-28 15:59:36
rmat-readers90-K4,stm,1,451.0351,262144,2363223,0,104297,451,581205.3,231239.2,4499.46,143960.06,203787.26,596.99,235237.38,101502624,0,0,0,0,0,0,104423,2258800,104423,0,0,0,-,0,--V 1048576 --N 262144 --K 4 --init 4000000 --src rmat --pins .5 --pdel .5 --ro 0.9 --roscan 0.1,2026-09-28 15:59:36
rmat-readers90-K4,stm,2,402.3030,262144,2295554,0,104299,449,651608.4,259254.9,4098.05,121747.46,175633.41,567.30,209909.76,101502624,0,0,0,0,0,0,102079,2193475,102079,0,0,0,-,0,--V 1048576 --N 262144 --K 4 --init 4000000 --src rmat --pins .5 --pdel .5 --ro 0.9 --roscan 0.1,2026-09-28 15:59:36
rmat-readers90-K4,stm,3,386.6808,262144,2336928,0,104292,456,677933.8,269710.8,3948.54,121248.77,173989.89,521.22,203360.26,101502624,0,0,0,0,0,0,101493,2235435,101493,0,0,0,-,0,--V 1048576 --N 262144 --K 4 --init 4000000 --src rmat --pins .5 --pdel .5 --ro 0.9 --roscan 0.1,2026-09-28 15:59:36
rmat-readers90-K4,stm,4,370.7535,262144,2317312,0,104290,458,707057.3,281292.0,3804.16,119187.46,171900.93,507.90,204454.91,101502624,0,0,0,0,0,0,102188,2215124,102188,0,0,0,-,0,--V 1048576 --N 262144 --K 4 --init 4000000 --src rmat --pins .5 --pdel .5 --ro 0.9 --roscan 0.1,2026-09-28 15:59:36
rmat-readers90-K4,stm-nodeg,0,295.8275,262144,190886,0,104378,370,886138.2,352834.1,1320.96,3164.16,5060.61,491.52,89079.81,101502624,0,0,0,0,0,0,20,190866,20,0,0,0,-,0,--V 1048576 --N 262144 --K 4 --init 4000000 --src rmat --pins .5 --pdel .5 --ro 0.9 --roscan 0.1,2026-09-28 15:59:40
rmat-readers90-K4,stm-nodeg,1,269.6806,262144,190785,0,104376,372,972053.5,387035.6,1241.09,2958.34,4697.09,459.78,82757.63,101502624,0,0,0,0,0,0,20,190765,20,0,0,0,-,0,--V 1048576 --N 262144 --K 4 --init 4000000 --src rmat --pins .5 --pdel .5 --ro 0.9 --roscan 0.1,2026-09-28 15:59:40
rmat-readers90-K4,stm-nodeg,2,274.3275,262144,190300,0,104378,370,955587.6,380486.8,1387.52,3273.73,4765.70,489.47,82482.18,101502624,0,0,0,0,0,0,22,190278,22,0,0,0,-,0,--V 1048576 --N 262144 --K 4 --init 4000000 --src rmat --pins .5 --pdel .5 --ro 0.9 --roscan 0.1,2026-09-28 15:59:40
rmat-readers90-K4,stm-nodeg,3,267.4186,262144,190992,0,104377,371,980275.8,390313.2,1297.41,3352.58,4996.10,486.40,85467.14,101502624,0,0,0,0,0,0,16,190976,16,0,0,0,-,0,--V 1048576 --N 262144 --K 4 --init 4000000 --src rmat --pins .5 --pdel .5 --ro 0.9 --roscan 0.1,2026-09-28 15:59:40
rmat-readers90-K4,stm-nodeg,4,267.7944,262144,190639,0,104373,375,978900.1,389750.4,1218.56,2879.49,4369.41,455.68,81533.95,101502624,0,0,0,0,0,0,17,190622,17,0,0,0,-,0,--V 1048576 --N 262144 --K 4 --init 4000000 --src rmat --pins .5 --pdel .5 --ro 0.9 --roscan 0.1,2026-09-28 15:59:40
rmat-readers90-K4,nontx,0,36.5107,262144,0,0,104355,393,7179918.8,2858201.7,429.06,3946.50,8674.30,364.54,18765.82,101502624,0,0,0,0,0,0,0,0,0,0,0,0,-,0,--V 1048576 --N 262144 --K 4 --init 4000000 --src rmat --pins .5 --pdel .5 --ro 0.9 --roscan 0.1,2026-09-28 15:59:42
rmat-readers90-K4,nontx,1,39.1229,262144,0,0,104358,390,6700518.3,2667437.3,434.18,3970.05,9170.94,374.78,18802.69,101502624,0,0,0,0,0,0,0,0,0,0,0,0,-,0,--V 1048576 --N 262144 --K 4 --init 4000000 --src rmat --pins .5 --pdel .5 --ro 0.9 --roscan 0.1,2026-09-28 15:59:42
rmat-readers90-K4,nontx,2,37.7446,262144,0,0,104363,385,6945198.0,2764975.3,441.34,3929.09,9165.82,375.81,18761.73,101502624,0,0,0,0,0,0,0,0,0,0,0,0,-,0,--V 1048576 --N 262144 --K 4 --init 4000000 --src rmat --pins .5 --pdel .5 --ro 0.9 --roscan 0.1,2026-09-28 15:59:42
rmat-readers90-K4,nontx,3,38.1809,262144,0,0,104362,386,6865848.1,2733358.9,441.34,3823.62,8767.49,377.86,18939.90,101502624,0,0,0,0,0,0,0,0,0,0,0,0,-,0,--V 1048576 --N 262144 --K 4 --init 4000000 --src rmat --pins .5 --pdel .5 --ro 0.9 --roscan 0.1,2026-09-28 15:59:42
rmat-readers90-K4,nontx,4,37.6463,262144,0,0,104356,392,6963333.8,2772009.5,441.34,4038.66,9205.76,376.83,18834.43,101502624,0,0,0,0,0,0,0,0,0,0,0,0,-,0,--V 1048576 --N 262144 --K 4 --init 4000000 --src rmat --pins .5 --pdel .5 --ro 0.9 --roscan 0.1,2026-09-28 15:59:42
abl-hub0-ins-K1,gtx,0,5.3146,1048576,0,0,1048572,4,197302507.2,197301754.5,75.78,97.28,108.54,0.00,0.00,524445312,0,0,0,0,0,0,0,0,274,56787,1105454,454,-,0,--V 1048576 --N 1048576 --K 1 --init 4000000 --pins 1,2026-09-28 15:59:45
abl-hub0-ins-K1,gtx,1,6.2802,1048576,0,0,1048572,4,166965598.7,166964961.7,76.80,105.47,622.59,0.00,0.00,524445312,0,0,0,0,0,0,0,0,277,56787,1105456,451,-,0,--V 1048576 --N 1048576 --K 1 --init 4000000 --pins 1,2026-09-28 15:59:45
abl-hub0-ins-K1,gtx,2,5.8900,1048576,0,0,1048572,4,178025034.0,178024354.8,76.80,100.35,629.76,0.00,0.00,524445312,0,0,0,0,0,0,0,0,274,56787,1105452,451,-,0,--V 1048576 --N 1048576 --K 1 --init 4000000 --pins 1,2026-09-28 15:59:45
abl-hub0-ins-K1,gtx,3,5.3146,1048576,0,0,1048572,4,197302507.2,197301754.5,76.80,97.28,109.57,0.00,0.00,524445312,0,0,0,0,0,0,0,0,283,56787,1105446,461,-,0,--V 1048576 --N 1048576 --K 1 --init 4000000 --pins 1,2026-09-28 15:59:45
abl-hub0-ins-K1,gtx,4,5.3105,1048576,0,0,1048572,4,197454689.2,197453936.0,76.80,97.28,108.54,0.00,0.00,524445312,0,0,0,0,0,0,0,0,266,56787,1105450,457,-,0,--V 1048576 --N 1048576 --K 1 --init 4000000 --pins 1,2026-09-28 15:59:45
abl-hub0-ins-K1,gtx-cons,0,5.7139,1048576,1709,0,1048572,4,183512541.1,183511841.0,76.80,99.33,448.51,0.00,0.00,527917040,0,0,1709,0,0,0,0,0,272,57465,1107864,456,-,0,--V 1048576 --N 1048576 --K 1 --init 4000000 --pins 1,2026-09-28 15:59:48
abl-hub0-ins-K1,gtx-cons,1,5.3402,1048576,1725,0,1048572,4,196356667.4,196355918.4,76.80,98.30,111.62,0.00,0.00,527914376,0,0,1725,0,0,0,0,0,275,57456,1107868,454,-,0,--V 1048576 --N 1048576 --K 1 --init 4000000 --pins 1,2026-09-28 15:59:48
abl-hub0-ins-K1,gtx-cons,2,6.3201,1048576,1724,0,1048572,4,165910564.8,165909931.9,77.82,105.47,624.64,0.00,0.00,527961320,0,0,1724,0,0,0,0,0,285,57478,1107900,456,-,0,--V 1048576 --N 1048576 --K 1 --init 4000000 --pins 1,2026-09-28 15:59:48
abl-hub0-ins-K1,gtx-cons,3,5.3463,1048576,1730,0,1048572,4,196131011.6,196130263.4,76.80,97.28,111.62,0.00,0.00,527978264,0,0,1730,0,0,0,0,0,283,57485,1107906,454,-,0,--V 1048576 --N 1048576 --K 1 --init 4000000 --pins 1,2026-09-28 15:59:48
abl-hub0-ins-K1,gtx-cons,4,5.9085,1048576,1718,0,1048572,4,177469665.7,177468988.7,76.80,100.35,623.62,0.00,0.00,527921904,0,0,1718,0,0,0,0,0,280,57453,1107854,459,-,0,--V 1048576 --N 1048576 --K 1 --init 4000000 --pins 1,2026-09-28 15:59:48
abl-hub0-ins-K1,gtx-coop-only,0,6.3212,1048576,1731,0,1048572,4,165883681.5,165883048.7,77.82,104.45,621.57,0.00,0.00,527945040,0,0,1731,0,0,0,0,0,284,57480,1107876,461,-,0,--V 1048576 --N 1048576 --K 1 --init 4000000 --pins 1,2026-09-28 15:59:50
abl-hub0-ins-K1,gtx-coop-only,1,5.3565,1048576,1737,0,1048572,4,195756068.9,195755322.2,76.80,97.28,110.59,0.00,0.00,527919624,0,0,1737,0,0,0,0,0,273,57443,1107857,461,-,0,--V 1048576 --N 1048576 --K 1 --init 4000000 --pins 1,2026-09-28 15:59:50
abl-hub0-ins-K1,gtx-coop-only,2,6.3171,1048576,1699,0,1048572,4,165991241.9,165990608.6,77.82,104.45,618.50,0.00,0.00,527909360,0,0,1699,0,0,0,0,0,282,57460,1107836,466,-,0,--V 1048576 --N 1048576 --K 1 --init 4000000 --pins 1,2026-09-28 15:59:50
abl-hub0-ins-K1,gtx-coop-only,3,5.3524,1048576,1741,0,1048572,4,195905873.8,195905126.5,76.80,98.30,112.64,0.00,0.00,527935776,0,0,1741,0,0,0,0,0,277,57475,1107891,467,-,0,--V 1048576 --N 1048576 --K 1 --init 4000000 --pins 1,2026-09-28 15:59:50
abl-hub0-ins-K1,gtx-coop-only,4,5.7620,1048576,1732,0,1048572,4,181982774.9,181982080.7,76.80,100.35,447.49,0.00,0.00,527940664,0,0,1732,0,0,0,0,0,283,57476,1107880,466,-,0,--V 1048576 --N 1048576 --K 1 --init 4000000 --pins 1,2026-09-28 15:59:50
abl-hub0-ins-K1,gtx-dst-only,0,5.3330,1048576,0,0,1048572,4,196620580.9,196619830.8,75.78,97.28,109.57,0.00,0.00,524445312,0,0,0,0,0,0,0,0,271,56787,1105475,439,-,0,--V 1048576 --N 1048576 --K 1 --init 4000000 --pins 1,2026-09-28 15:59:53
abl-hub0-ins-K1,gtx-dst-only,1,5.3125,1048576,0,0,1048572,4,197378568.9,197377815.9,76.80,97.28,110.59,0.00,0.00,524445312,0,0,0,0,0,0,0,0,284,56787,1105464,442,-,0,--V 1048576 --N 1048576 --K 1 --init 4000000 --pins 1,2026-09-28 15:59:53
abl-hub0-ins-K1,gtx-dst-only,2,6.2638,1048576,0,0,1048572,4,167402327.5,167401688.9,76.80,103.42,619.52,0.00,0.00,524445312,0,0,0,0,0,0,0,0,272,56787,1105468,441,-,0,--V 1048576 --N 1048576 --K 1 --init 4000000 --pins 1,2026-09-28 15:59:53
abl-hub0-ins-K1,gtx-dst-only,3,5.2961,1048576,0,0,1048572,4,197989180.1,197988424.8,75.78,97.28,109.57,0.00,0.00,524445312,0,0,0,0,0,0,0,0,284,56787,1105473,451,-,0,--V 1048576 --N 1048576 --K 1 --init 4000000 --pins 1,2026-09-28 15:59:53
abl-hub0-ins-K1,gtx-dst-only,4,6.2781,1048576,0,0,1048572,4,167020065.1,167019428.0,76.80,104.45,620.54,0.00,0.00,524445312,0,0,0,0,0,0,0,0,285,56787,1105470,440,-,0,--V 1048576 --N 1048576 --K 1 --init 4000000 --pins 1,2026-09-28 15:59:53
abl-hub0.5-ins-K1,gtx,0,4.3172,1048576,502,0,585770,462806,242884252.1,135683353.8,60.42,78.85,92.16,0.00,0.00,438134680,151,351,0,0,0,0,0,0,354,62414,620280,672,-,0,--V 1048576 --N 1048576 --K 1 --init 4000000 --pins 1 --src hub --hub 0.5,2026-09-28 15:59:55
abl-hub0.5-ins-K1,gtx,1,4.3244,1048576,503,0,585770,462806,242481660.0,135458452.2,60.42,78.85,91.14,0.00,0.00,438134688,152,351,0,0,0,0,0,0,355,62414,620277,673,-,0,--V 1048576 --N 1048576 --K 1 --init 4000000 --pins 1 --src hub --hub 0.5,2026-09-28 15:59:55
abl-hub0.5-ins-K1,gtx,2,4.2926,1048576,502,0,585770,462806,244274821.4,136460172.8,60.42,77.82,91.14,0.00,0.00,438134680,140,362,0,0,0,0,0,0,359,62414,620281,666,-,0,--V 1048576 --N 1048576 --K 1 --init 4000000 --pins 1 --src hub --hub 0.5,2026-09-28 15:59:55
abl-hub0.5-ins-K1,gtx,3,4.2988,1048576,513,0,585770,462806,243925688.5,136265135.3,60.42,78.85,91.14,0.00,0.00,438134768,129,384,0,0,0,0,0,0,354,62414,620283,674,-,0,--V 1048576 --N 1048576 --K 1 --init 4000000 --pins 1 --src hub --hub 0.5,2026-09-28 15:59:55
abl-hub0.5-ins-K1,gtx,4,4.3080,1048576,509,0,585770,462806,243403842.8,135973614.7,60.42,78.85,92.16,0.00,0.00,438134736,136,373,0,0,0,0,0,0,357,62414,620284,675,-,0,--V 1048576 --N 1048576 --K 1 --init 4000000 --pins 1 --src hub --hub 0.5,2026-09-28 15:59:55
abl-hub0.5-ins-K1,gtx-cons,0,4.6060,1048576,1172,0,585770,462806,227656746.9,127176754.6,64.51,82.94,114.69,0.00,0.00,438474664,132,390,650,0,0,0,0,0,356,62469,1112262,582,-,0,--V 1048576 --N 1048576 --K 1 --init 4000000 --pins 1 --src hub --hub 0.5,2026-09-28 15:59:58
abl-hub0.5-ins-K1,gtx-cons,1,4.5681,1048576,1142,0,585770,462806,229544934.4,128231560.0,64.51,82.94,106.50,0.00,0.00,438480512,133,377,632,0,0,0,0,0,360,62466,1112231,581,-,0,--V 1048576 --N 1048576 --K 1 --init 4000000 --pins 1 --src hub --hub 0.5,2026-09-28 15:59:58
abl-hub0.5-ins-K1,gtx-cons,2,5.5767,1048576,1141,0,585770,462806,188027909.5,105038746.4,65.54,94.21,605.18,0.00,0.00,438470920,133,380,628,0,0,0,0,0,354,62466,1112225,586,-,0,--V 1048576 --N 1048576 --K 1 --init 4000000 --pins 1 --src hub --hub 0.5,2026-09-28 15:59:58
abl-hub0.5-ins-K1,gtx-cons,3,4.6234,1048576,1158,0,585770,462806,226799549.3,126697895.1,64.51,83.97,115.71,0.00,0.00,438480024,149,365,644,0,0,0,0,0,340,62469,1112249,593,-,0,--V 1048576 --N 1048576 --K 1 --init 4000000 --pins 1 --src hub --hub 0.5,2026-09-28 15:59:58
abl-hub0.5-ins-K1,gtx-cons,4,4.6326,1048576,1158,0,585770,462806,226348364.8,126445848.1,65.54,84.99,106.50,0.00,0.00,438482688,140,387,631,0,0,0,0,0,354,62469,1112248,603,-,0,--V 1048576 --N 1048576 --K 1 --init 4000000 --pins 1 --src hub --hub 0.5,2026-09-28 15:59:58
abl-hub0.5-ins-K1,gtx-coop-only,0,5.1988,1048576,1146,0,585770,462806,201693922.6,112673043.3,60.42,82.94,604.16,0.00,0.00,438490624,131,380,635,0,0,0,0,0,355,62473,620877,654,-,0,--V 1048576 --N 1048576 --K 1 --init 4000000 --pins 1 --src hub --hub 0.5,2026-09-28 16:00:00
abl-hub0.5-ins-K1,gtx-coop-only,1,4.2414,1048576,1118,0,585770,462806,247223571.0,138107444.0,59.39,76.80,93.18,0.00,0.00,438473904,139,367,612,0,0,0,0,0,361,62470,620844,649,-,0,--V 1048576 --N 1048576 --K 1 --init 4000000 --pins 1 --src hub --hub 0.5,2026-09-28 16:00:00
abl-hub0.5-ins-K1,gtx-coop-only,2,4.2762,1048576,1128,0,585770,462806,245210720.2,136982997.5,60.42,76.80,91.14,0.00,0.00,438481768,135,375,618,0,0,0,0,0,353,62469,620854,660,-,0,--V 1048576 --N 1048576 --K 1 --init 4000000 --pins 1 --src hub --hub 0.5,2026-09-28 16:00:00
abl-hub0.5-ins-K1,gtx-coop-only,3,4.8323,1048576,1135,0,585770,462806,216995133.3,121220816.8,60.42,79.87,604.16,0.00,0.00,438472856,144,369,622,0,0,0,0,0,338,62468,620865,658,-,0,--V 1048576 --N 1048576 --K 1 --init 4000000 --pins 1 --src hub --hub 0.5,2026-09-28 16:00:00
abl-hub0.5-ins-K1,gtx-coop-only,4,4.2557,1048576,1134,0,585770,462806,246390761.5,137642208.4,59.39,76.80,91.14,0.00,0.00,438478480,140,364,630,0,0,0,0,0,347,62468,620870,653,-,0,--V 1048576 --N 1048576 --K 1 --init 4000000 --pins 1 --src hub --hub 0.5,2026-09-28 16:00:00
abl-hub0.5-ins-K1,gtx-dst-only,0,4.6203,1048576,513,0,585770,462806,226950359.8,126782142.9,64.51,84.99,113.66,0.00,0.00,438134768,145,368,0,0,0,0,0,0,351,62414,1111548,595,-,0,--V 1048576 --N 1048576 --K 1 --init 4000000 --pins 1 --src hub --hub 0.5,2026-09-28 16:00:03
abl-hub0.5-ins-K1,gtx-dst-only,1,5.0371,1048576,518,0,585770,462806,208172394.0,116292136.4,65.54,88.06,435.20,0.00,0.00,438134808,139,379,0,0,0,0,0,0,363,62414,1111555,602,-,0,--V 1048576 --N 1048576 --K 1 --init 4000000 --pins 1 --src hub --hub 0.5,2026-09-28 16:00:03
abl-hub0.5-ins-K1,gtx-dst-only,2,4.6766,1048576,523,0,585770,462806,224217206.3,125255311.0,65.54,86.02,112.64,0.00,0.00,438134848,143,380,0,0,0,0,0,0,362,62414,1111561,620,-,0,--V 1048576 --N 1048576 --K 1 --init 4000000 --pins 1 --src hub --hub 0.5,2026-09-28 16:00:03
abl-hub0.5-ins-K1,gtx-dst-only,3,5.0452,1048576,528,0,585770,462806,207834380.7,116103310.7,65.54,88.06,435.20,0.00,0.00,438134888,134,394,0,0,0,0,0,0,359,62414,1111566,608,-,0,--V 1048576 --N 1048576 --K 1 --init 4000000 --pins 1 --src hub --hub 0.5,2026-09-28 16:00:03
abl-hub0.5-ins-K1,gtx-dst-only,4,4.6408,1048576,516,0,585770,462806,225948806.0,126222641.1,65.54,84.99,114.69,0.00,0.00,438134792,144,372,0,0,0,0,0,0,359,62414,1111554,610,-,0,--V 1048576 --N 1048576 --K 1 --init 4000000 --pins 1 --src hub --hub 0.5,2026-09-28 16:00:03
abl-hub1.0-ins-K1,gtx,0,2.4945,1048576,279,0,14500,1034076,420361261.3,5812872.2,32.77,50.18,59.39,0.00,0.00,115460968,17,262,0,0,0,0,0,0,192,0,32786,490,-,0,--V 1048576 --N 1048576 --K 1 --init 4000000 --pins 1 --src hub --hub 1.0,2026-09-28 16:00:04
abl-hub1.0-ins-K1,gtx,1,3.4386,1048576,281,0,14500,1034076,304943422.5,4216842.3,32.77,54.27,573.44,0.00,0.00,115460984,17,264,0,0,0,0,0,0,188,0,32788,502,-,0,--V 1048576 --N 1048576 --K 1 --init 4000000 --pins 1 --src hub --hub 1.0,2026-09-28 16:00:04
abl-hub1.0-ins-K1,gtx,2,2.5057,1048576,282,0,14500,1034076,418471596.8,5786741.4,32.77,50.18,58.37,0.00,0.00,115460992,18,264,0,0,0,0,0,0,190,0,32788,494,-,0,--V 1048576 --N 1048576 --K 1 --init 4000000 --pins 1 --src hub --hub 1.0,2026-09-28 16:00:04
abl-hub1.0-ins-K1,gtx,3,2.5047,1048576,271,0,14500,1034076,418642682.2,5789107.2,32.77,50.18,59.39,0.00,0.00,115460904,13,258,0,0,0,0,0,0,188,0,32787,489,-,0,--V 1048576 --N 1048576 --K 1 --init 4000000 --pins 1 --src hub --hub 1.0,2026-09-28 16:00:04
abl-hub1.0-ins-K1,gtx,4,2.5201,1048576,276,0,14500,1034076,416091000.8,5753821.9,32.77,50.18,59.39,0.00,0.00,115460944,12,264,0,0,0,0,0,0,196,0,32788,501,-,0,--V 1048576 --N 1048576 --K 1 --init 4000000 --pins 1 --src hub --hub 1.0,2026-09-28 16:00:04
abl-hub1.0-ins-K1,gtx-cons,0,2.5948,1048576,332,0,14500,1034076,404104187.9,5588064.9,32.77,52.22,67.58,0.00,0.00,115687616,23,261,48,0,0,0,0,0,188,0,1048908,464,-,0,--V 1048576 --N 1048576 --K 1 --init 4000000 --pins 1 --src hub --hub 1.0,2026-09-28 16:00:05
abl-hub1.0-ins-K1,gtx-cons,1,3.5308,1048576,325,0,14500,1034076,296983763.4,4106773.9,33.79,57.34,575.49,0.00,0.00,115686224,19,259,47,0,0,0,0,0,191,0,1048901,469,-,0,--V 1048576 --N 1048576 --K 1 --init 4000000 --pins 1 --src hub --hub 1.0,2026-09-28 16:00:05
abl-hub1.0-ins-K1,gtx-cons,2,2.6030,1048576,328,0,14500,1034076,402832410.5,5570478.4,32.77,52.22,67.58,0.00,0.00,115689648,16,263,49,0,0,0,0,0,186,0,1048904,472,-,0,--V 1048576 --N 1048576 --K 1 --init 4000000 --pins 1 --src hub --hub 1.0,2026-09-28 16:00:05
abl-hub1.0-ins-K1,gtx-cons,3,2.5948,1048576,320,0,14500,1034076,404104187.9,5588064.9,32.77,52.22,64.51,0.00,0.00,115685264,13,264,43,0,0,0,0,0,189,0,1048896,462,-,0,--V 1048576 --N 1048576 --K 1 --init 4000000 --pins 1 --src hub --hub 1.0,2026-09-28 16:00:05
abl-hub1.0-ins-K1,gtx-cons,4,3.1590,1048576,330,0,14500,1034076,331928689.9,4590002.1,33.79,54.27,572.42,0.00,0.00,115686144,21,263,46,0,0,0,0,0,181,0,1048906,470,-,0,--V 1048576 --N 1048576 --K 1 --init 4000000 --pins 1 --src hub --hub 1.0,2026-09-28 16:00:05
abl-hub1.0-ins-K1,gtx-coop-only,0,2.4351,1048576,325,0,14500,1034076,430613971.0,5954649.5,31.74,48.13,56.32,0.00,0.00,115687376,17,259,49,0,0,0,0,0,187,0,32791,470,-,0,--V 1048576 --N 1048576 --K 1 --init 4000000 --pins 1 --src hub --hub 1.0,2026-09-28 16:00:07
abl-hub1.0-ins-K1,gtx-coop-only,1,3.3710,1048576,324,0,14500,1034076,311057115.6,4301384.1,31.74,52.22,571.39,0.00,0.00,115687464,13,265,46,0,0,0,0,0,190,0,32789,481,-,0,--V 1048576 --N 1048576 --K 1 --init 4000000 --pins 1 --src hub --hub 1.0,2026-09-28 16:00:07
abl-hub1.0-ins-K1,gtx-coop-only,2,3.1529,1048576,326,0,14500,1034076,332575519.2,4598946.6,31.74,50.18,570.37,0.00,0.00,115688648,16,267,43,0,0,0,0,0,182,0,32790,477,-,0,--V 1048576 --N 1048576 --K 1 --init 4000000 --pins 1 --src hub --hub 1.0,2026-09-28 16:00:07
abl-hub1.0-ins-K1,gtx-coop-only,3,2.4453,1048576,323,0,14500,1034076,428810716.2,5929713.6,31.74,48.13,57.34,0.00,0.00,115687336,10,270,43,0,0,0,0,0,181,0,32789,469,-,0,--V 1048576 --N 1048576 --K 1 --init 4000000 --pins 1 --src hub --hub 1.0,2026-09-28 16:00:07
abl-hub1.0-ins-K1,gtx-coop-only,4,2.4412,1048576,324,0,14500,1034076,429530202.8,5939662.9,31.74,48.13,57.34,0.00,0.00,115689288,19,261,44,0,0,0,0,0,180,0,32790,468,-,0,--V 1048576 --N 1048576 --K 1 --init 4000000 --pins 1 --src hub --hub 1.0,2026-09-28 16:00:07
abl-hub1.0-ins-K1,gtx-dst-only,0,2.6552,1048576,286,0,14500,1034076,394909378.4,5460916.5,33.79,54.27,69.63,0.00,0.00,115461024,28,258,0,0,0,0,0,0,198,0,1048862,488,-,0,--V 1048576 --N 1048576 --K 1 --init 4000000 --pins 1 --src hub --hub 1.0,2026-09-28 16:00:08
abl-hub1.0-ins-K1,gtx-dst-only,1,3.0403,1048576,286,0,14500,1034076,344897269.2,4769335.2,33.79,55.30,404.48,0.00,0.00,115461024,11,275,0,0,0,0,0,0,194,0,1048862,490,-,0,--V 1048576 --N 1048576 --K 1 --init 4000000 --pins 1 --src hub --hub 1.0,2026-09-28 16:00:08
abl-hub1.0-ins-K1,gtx-dst-only,2,2.6429,1048576,278,0,14500,1034076,396745432.9,5486306.0,33.79,54.27,67.58,0.00,0.00,115460960,18,260,0,0,0,0,0,0,188,0,1048854,486,-,0,--V 1048576 --N 1048576 --K 1 --init 4000000 --pins 1 --src hub --hub 1.0,2026-09-28 16:00:08
abl-hub1.0-ins-K1,gtx-dst-only,3,2.6563,1048576,276,0,14500,1034076,394757137.7,5458811.3,33.79,53.25,71.68,0.00,0.00,115460944,13,263,0,0,0,0,0,0,190,0,1048852,493,-,0,--V 1048576 --N 1048576 --K 1 --init 4000000 --pins 1 --src hub --hub 1.0,2026-09-28 16:00:08
abl-hub1.0-ins-K1,gtx-dst-only,4,3.0269,1048576,286,0,14500,1034076,346414082.0,4790310.1,33.79,56.32,403.46,0.00,0.00,115461024,17,269,0,0,0,0,0,0,189,0,1048862,489,-,0,--V 1048576 --N 1048576 --K 1 --init 4000000 --pins 1 --src hub --hub 1.0,2026-09-28 16:00:08
abl-hub0-ins-K8,gtx,0,6.9427,131072,0,0,1048572,4,18879056.2,151031873.6,704.51,1263.62,1335.30,0.00,0.00,517877056,0,0,0,0,0,0,0,0,308,57019,1105735,504,-,0,--V 1048576 --N 131072 --K 8 --init 4000000 --pins 1,2026-09-28 16:00:10
abl-hub0-ins-K8,gtx,1,6.3621,131072,0,0,1048572,4,20601963.5,164815079.1,690.18,1084.42,1171.46,0.00,0.00,517877056,0,0,0,0,0,0,0,0,301,57019,1105736,500,-,0,--V 1048576 --N 131072 --K 8 --init 4000000 --pins 1,2026-09-28 16:00:10
abl-hub0-ins-K8,gtx,2,6.0211,131072,0,0,1048572,4,21768707.2,174148993.5,679.94,786.43,828.42,0.00,0.00,517877056,0,0,0,0,0,0,0,0,299,57019,1105728,517,-,0,--V 1048576 --N 131072 --K 8 --init 4000000 --pins 1,2026-09-28 16:00:10
abl-hub0-ins-K8,gtx,3,6.0365,131072,0,0,1048572,4,21713316.5,173705869.8,684.03,789.50,834.56,0.00,0.00,517877056,0,0,0,0,0,0,0,0,318,57019,1105736,507,-,0,--V 1048576 --N 131072 --K 8 --init 4000000 --pins 1,2026-09-28 16:00:10
abl-hub0-ins-K8,gtx,4,6.9786,131072,0,0,1048572,4,18782098.4,150256213.9,704.51,1272.83,1356.80,0.00,0.00,517877056,0,0,0,0,0,0,0,0,323,57019,1105739,499,-,0,--V 1048576 --N 131072 --K 8 --init 4000000 --pins 1,2026-09-28 16:00:10
abl-hub0-ins-K8,gtx-cons,0,7.6257,131072,12289,0,1048572,4,17188129.2,137504508.7,658.43,1614.85,2796.54,0.00,0.00,537748040,0,0,12289,0,0,0,0,0,292,64677,1176931,675,-,0,--V 1048576 --N 131072 --K 8 --init 4000000 --pins 1,2026-09-28 16:00:13
abl-hub0-ins-K8,gtx-cons,1,6.6898,131072,12203,0,1048572,4,19592835.9,156742089.4,635.90,1332.22,2063.36,0.00,0.00,537569784,0,0,12203,0,0,0,0,0,283,64595,1176549,696,-,0,--V 1048576 --N 131072 --K 8 --init 4000000 --pins 1,2026-09-28 16:00:13
abl-hub0-ins-K8,gtx-cons,2,7.6298,131072,12251,0,1048572,4,17178901.8,137430690.1,656.38,1640.45,2572.29,0.00,0.00,537647272,0,0,12251,0,0,0,0,0,310,64640,1176753,696,-,0,--V 1048576 --N 131072 --K 8 --init 4000000 --pins 1,2026-09-28 16:00:13
abl-hub0-ins-K8,gtx-cons,3,6.7256,131072,12238,0,1048572,4,19488428.2,155906830.8,637.95,1331.20,2078.72,0.00,0.00,537572656,0,0,12238,0,0,0,0,0,313,64579,1176615,713,-,0,--V 1048576 --N 131072 --K 8 --init 4000000 --pins 1,2026-09-28 16:00:13
abl-hub0-ins-K8,gtx-cons,4,7.6001,131072,12197,0,1048572,4,17246024.9,137967673.2,657.41,1597.44,2785.28,0.00,0.00,537598320,0,0,12197,0,0,0,0,0,288,64608,1176314,669,-,0,--V 1048576 --N 131072 --K 8 --init 4000000 --pins 1,2026-09-28 16:00:13
abl-hub0-ins-K8,gtx-coop-only,0,6.7277,131072,12245,0,1048572,4,19482495.6,155859370.2,634.88,1331.20,2071.55,0.00,0.00,537661240,0,0,12245,0,0,0,0,0,322,64633,1176735,719,-,0,--V 1048576 --N 131072 --K 8 --init 4000000 --pins 1,2026-09-28 16:00:15
abl-hub0-ins-K8,gtx-coop-only,1,7.2223,131072,12228,0,1048572,4,18148305.9,145185893.3,637.95,1339.39,2068.48,0.00,0.00,537583784,0,0,12228,0,0,0,0,0,321,64602,1176586,710,-,0,--V 1048576 --N 131072 --K 8 --init 4000000 --pins 1,2026-09-28 16:00:15
abl-hub0-ins-K8,gtx-coop-only,2,7.6636,131072,12233,0,1048572,4,17103153.0,136824702.0,655.36,1668.10,2596.86,0.00,0.00,537523472,0,0,12233,0,0,0,0,0,315,64587,1176811,726,-,0,--V 1048576 --N 131072 --K 8 --init 4000000 --pins 1,2026-09-28 16:00:15
abl-hub0-ins-K8,gtx-coop-only,3,6.7389,131072,12246,0,1048572,4,19449931.5,155598858.2,634.88,1334.27,2070.53,0.00,0.00,537598024,0,0,12246,0,0,0,0,0,317,64619,1176687,732,-,0,--V 1048576 --N 131072 --K 8 --init 4000000 --pins 1,2026-09-28 16:00:15
abl-hub0-ins-K8,gtx-coop-only,4,7.6329,131072,12155,0,1048572,4,17171988.3,137375382.5,644.10,1428.48,2525.18,0.00,0.00,537527248,0,0,12155,0,0,0,0,0,296,64590,1176172,711,-,0,--V 1048576 --N 131072 --K 8 --init 4000000 --pins 1,2026-09-28 16:00:15
abl-hub0-ins-K8,gtx-dst-only,0,6.9437,131072,0,0,1048572,4,18876271.4,151009595.5,711.68,1210.37,1316.86,0.00,0.00,517877056,0,0,0,0,0,0,0,0,320,57019,1105745,481,-,0,--V 1048576 --N 131072 --K 8 --init 4000000 --pins 1,2026-09-28 16:00:18
abl-hub0-ins-K8,gtx-dst-only,1,5.9802,131072,0,0,1048572,4,21917807.4,175341789.9,683.01,787.46,832.51,0.00,0.00,517877056,0,0,0,0,0,0,0,0,313,57019,1105769,497,-,0,--V 1048576 --N 131072 --K 8 --init 4000000 --pins 1,2026-09-28 16:00:18
abl-hub0-ins-K8,gtx-dst-only,2,6.5772,131072,0,0,1048572,4,19928383.1,159426456.3,692.22,1276.93,1338.37,0.00,0.00,517877056,0,0,0,0,0,0,0,0,327,57019,1105751,490,-,0,--V 1048576 --N 131072 --K 8 --init 4000000 --pins 1,2026-09-28 16:00:18
abl-hub0-ins-K8,gtx-dst-only,3,6.9612,131072,0,0,1048572,4,18829067.2,150631962.7,715.78,1212.42,1321.98,0.00,0.00,517877056,0,0,0,0,0,0,0,0,328,57019,1105751,502,-,0,--V 1048576 --N 131072 --K 8 --init 4000000 --pins 1,2026-09-28 16:00:18
abl-hub0-ins-K8,gtx-dst-only,4,5.9750,131072,0,0,1048572,4,21936589.7,175492048.1,680.96,786.43,832.51,0.00,0.00,517877056,0,0,0,0,0,0,0,0,339,57019,1105755,506,-,0,--V 1048576 --N 131072 --K 8 --init 4000000 --pins 1,2026-09-28 16:00:18
abl-hub0.5-ins-K8,gtx,0,4.5558,131072,3648,0,586076,462500,28770509.5,128644600.8,473.09,544.77,1368.06,0.00,0.00,430751848,1797,1851,0,0,0,0,0,0,381,62063,630712,878,-,0,--V 1048576 --N 131072 --K 8 --init 4000000 --pins 1 --src hub --hub 0.5,2026-09-28 16:00:20
abl-hub0.5-ins-K8,gtx,1,4.5435,131072,3655,0,586076,462500,28848320.8,128992526.6,474.11,544.77,1361.92,0.00,0.00,430735552,1776,1879,0,0,0,0,0,0,384,62056,630752,868,-,0,--V 1048576 --N 131072 --K 8 --init 4000000 --pins 1 --src hub --hub 0.5,2026-09-28 16:00:20
abl-hub0.5-ins-K8,gtx,2,4.5814,131072,3634,0,586076,462500,28609744.7,127925756.4,473.09,544.77,1356.80,0.00,0.00,430742392,1764,1870,0,0,0,0,0,0,373,62059,630646,887,-,0,--V 1048576 --N 131072 --K 8 --init 4000000 --pins 1 --src hub --hub 0.5,2026-09-28 16:00:20
abl-hub0.5-ins-K8,gtx,3,4.9265,131072,3695,0,586076,462500,26605694.8,118964837.7,477.18,874.50,1393.66,0.00,0.00,430752224,1755,1940,0,0,0,0,0,0,364,62063,630861,853,-,0,--V 1048576 --N 131072 --K 8 --init 4000000 --pins 1 --src hub --hub 0.5,2026-09-28 16:00:20
abl-hub0.5-ins-K8,gtx,4,5.4979,131072,3682,0,586076,462500,23840565.6,106600825.0,489.47,1049.60,1505.28,0.00,0.00,430752120,1762,1920,0,0,0,0,0,0,371,62063,630838,853,-,0,--V 1048576 --N 131072 --K 8 --init 4000000 --pins 1 --src hub --hub 0.5,2026-09-28 16:00:20
abl-hub0.5-ins-K8,gtx-cons,0,5.3309,131072,9087,0,586076,462500,24587014.7,109938501.2,518.14,960.51,1609.73,0.00,0.00,431739728,1753,1856,5478,0,0,0,0,0,380,62376,1158446,795,-,0,--V 1048576 --N 131072 --K 8 --init 4000000 --pins 1 --src hub --hub 0.5,2026-09-28 16:00:22
abl-hub0.5-ins-K8,gtx-cons,1,5.2664,131072,9085,0,586076,462500,24888198.5,111285215.7,515.07,955.39,1601.54,0.00,0.00,431747528,1751,1841,5493,0,0,0,0,0,393,62377,1158367,799,-,0,--V 1048576 --N 131072 --K 8 --init 4000000 --pins 1 --src hub --hub 0.5,2026-09-28 16:00:22
abl-hub0.5-ins-K8,gtx-cons,2,5.3596,131072,9127,0,586076,462500,24455484.3,109350375.4,516.10,959.49,1605.63,0.00,0.00,431764032,1760,1850,5517,0,0,0,0,0,368,62386,1158517,840,-,0,--V 1048576 --N 131072 --K 8 --init 4000000 --pins 1 --src hub --hub 0.5,2026-09-28 16:00:22
abl-hub0.5-ins-K8,gtx-cons,3,5.2992,131072,9091,0,586076,462500,24734299.2,110597070.0,515.07,956.42,1600.51,0.00,0.00,431734192,1755,1843,5493,0,0,0,0,0,372,62373,1158350,821,-,0,--V 1048576 --N 131072 --K 8 --init 4000000 --pins 1 --src hub --hub 0.5,2026-09-28 16:00:22
abl-hub0.5-ins-K8,gtx-cons,4,5.3361,131072,9099,0,586076,462500,24563424.2,109833018.3,517.12,959.49,1603.58,0.00,0.00,431822256,1764,1840,5495,0,0,0,0,0,376,62409,1158399,832,-,0,--V 1048576 --N 131072 --K 8 --init 4000000 --pins 1 --src hub --hub 0.5,2026-09-28 16:00:22
abl-hub0.5-ins-K8,gtx-coop-only,0,4.8476,131072,9043,0,586076,462500,27038444.2,120899835.4,459.78,854.02,1431.55,0.00,0.00,431772304,1776,1834,5433,0,0,0,0,0,392,62389,650221,969,-,0,--V 1048576 --N 131072 --K 8 --init 4000000 --pins 1 --src hub --hub 0.5,2026-09-28 16:00:24
abl-hub0.5-ins-K8,gtx-coop-only,1,4.7790,131072,9002,0,586076,462500,27426612.9,122635494.8,459.78,850.94,1434.62,0.00,0.00,431716576,1749,1802,5451,0,0,0,0,0,354,62368,650196,924,-,0,--V 1048576 --N 131072 --K 8 --init 4000000 --pins 1 --src hub --hub 0.5,2026-09-28 16:00:24
abl-hub0.5-ins-K8,gtx-coop-only,2,4.8241,131072,9056,0,586076,462500,27170453.4,121490101.9,459.78,856.06,1434.62,0.00,0.00,431775408,1753,1856,5447,0,0,0,0,0,379,62390,650300,955,-,0,--V 1048576 --N 131072 --K 8 --init 4000000 --pins 1 --src hub --hub 0.5,2026-09-28 16:00:24
abl-hub0.5-ins-K8,gtx-coop-only,3,4.7657,131072,8934,0,586076,462500,27503222.8,122978048.5,457.73,848.90,1426.43,0.00,0.00,431729168,1771,1791,5372,0,0,0,0,0,372,62376,649911,918,-,0,--V 1048576 --N 131072 --K 8 --init 4000000 --pins 1 --src hub --hub 0.5,2026-09-28 16:00:24
abl-hub0.5-ins-K8,gtx-coop-only,4,4.7667,131072,9015,0,586076,462500,27497315.8,122951636.0,457.73,852.99,1428.48,0.00,0.00,431723712,1760,1820,5435,0,0,0,0,0,385,62368,650135,914,-,0,--V 1048576 --N 131072 --K 8 --init 4000000 --pins 1 --src hub --hub 0.5,2026-09-28 16:00:24
abl-hub0.5-ins-K8,gtx-dst-only,0,5.1569,131072,3731,0,586076,462500,25416996.8,113649687.3,537.60,624.64,1558.53,0.00,0.00,430740832,1771,1960,0,0,0,0,0,0,373,62058,1130075,798,-,0,--V 1048576 --N 131072 --K 8 --init 4000000 --pins 1 --src hub --hub 0.5,2026-09-28 16:00:26
abl-hub0.5-ins-K8,gtx-dst-only,1,5.0831,131072,3715,0,586076,462500,25785656.3,115298113.3,531.46,616.45,1536.00,0.00,0.00,430754720,1788,1927,0,0,0,0,0,0,410,62064,1130046,763,-,0,--V 1048576 --N 131072 --K 8 --init 4000000 --pins 1 --src hub --hub 0.5,2026-09-28 16:00:26
abl-hub0.5-ins-K8,gtx-dst-only,2,5.1763,131072,3724,0,586076,462500,25321463.5,113222519.4,539.65,625.66,1553.41,0.00,0.00,430747784,1788,1936,0,0,0,0,0,0,402,62061,1130024,835,-,0,--V 1048576 --N 131072 --K 8 --init 4000000 --pins 1 --src hub --hub 0.5,2026-09-28 16:00:26
abl-hub0.5-ins-K8,gtx-dst-only,3,5.0647,131072,3748,0,586076,462500,25879498.9,115717721.5,532.48,620.54,1542.14,0.00,0.00,430761992,1769,1979,0,0,0,0,0,0,381,62067,1130196,764,-,0,--V 1048576 --N 131072 --K 8 --init 4000000 --pins 1 --src hub --hub 0.5,2026-09-28 16:00:26
abl-hub0.5-ins-K8,gtx-dst-only,4,5.0483,131072,3718,0,586076,462500,25963489.8,116093278.8,533.50,616.45,1539.07,0.00,0.00,430761752,1775,1943,0,0,0,0,0,0,363,62067,1130044,760,-,0,--V 1048576 --N 131072 --K 8 --init 4000000 --pins 1 --src hub --hub 0.5,2026-09-28 16:00:26
abl-hub1.0-ins-K8,gtx,0,2.8600,131072,1834,0,14609,1033967,45828856.6,5107984.7,257.02,640.00,680.96,0.00,0.00,108133376,873,961,0,0,0,0,0,0,196,0,35218,580,-,0,--V 1048576 --N 131072 --K 8 --init 4000000 --pins 1 --src hub --hub 1.0,2026-09-28 16:00:27
abl-hub1.0-ins-K8,gtx,1,2.4320,131072,1853,0,14609,1033967,53894738.6,6006990.3,253.95,304.13,495.62,0.00,0.00,108133528,868,985,0,0,0,0,0,0,201,0,35229,563,-,0,--V 1048576 --N 131072 --K 8 --init 4000000 --pins 1 --src hub --hub 1.0,2026-09-28 16:00:27
abl-hub1.0-ins-K8,gtx,2,3.3792,131072,1847,0,14609,1033967,38787879.0,4323212.6,258.05,814.08,844.80,0.00,0.00,108133480,872,975,0,0,0,0,0,0,197,0,35213,610,-,0,--V 1048576 --N 131072 --K 8 --init 4000000 --pins 1 --src hub --hub 1.0,2026-09-28 16:00:27
abl-hub1.0-ins-K8,gtx,3,2.4443,131072,1853,0,14609,1033967,53623795.2,5976791.6,251.90,304.13,492.54,0.00,0.00,108133528,893,960,0,0,0,0,0,0,188,0,35139,558,-,0,--V 1048576 --N 131072 --K 8 --init 4000000 --pins 1 --src hub --hub 1.0,2026-09-28 16:00:27
abl-hub1.0-ins-K8,gtx,4,2.4863,131072,1884,0,14609,1033967,52718284.6,5875865.3,252.93,304.13,495.62,0.00,0.00,108133776,877,1007,0,0,0,0,0,0,196,0,35241,578,-,0,--V 1048576 --N 131072 --K 8 --init 4000000 --pins 1 --src hub --hub 1.0,2026-09-28 16:00:27
abl-hub1.0-ins-K8,gtx-cons,0,2.5917,131072,2686,0,14609,1033967,50572897.1,5636745.1,265.22,325.63,591.87,0.00,0.00,108365264,874,963,849,0,0,0,0,0,205,0,1062679,523,-,0,--V 1048576 --N 131072 --K 8 --init 4000000 --pins 1 --src hub --hub 1.0,2026-09-28 16:00:28
abl-hub1.0-ins-K8,gtx-cons,1,2.5938,131072,2713,0,14609,1033967,50532965.6,5632294.4,265.22,324.61,589.82,0.00,0.00,108368440,889,981,843,0,0,0,0,0,213,0,1062764,519,-,0,--V 1048576 --N 131072 --K 8 --init 4000000 --pins 1 --src hub --hub 1.0,2026-09-28 16:00:28
abl-hub1.0-ins-K8,gtx-cons,2,3.1273,131072,2709,0,14609,1033967,41912246.6,4671447.8,269.31,817.15,860.16,0.00,0.00,108365320,897,960,852,0,0,0,0,0,202,0,1062712,528,-,0,--V 1048576 --N 131072 --K 8 --init 4000000 --pins 1 --src hub --hub 1.0,2026-09-28 16:00:28
abl-hub1.0-ins-K8,gtx-cons,3,2.5692,131072,2697,0,14609,1033967,51016340.9,5686170.4,265.22,325.63,589.82,0.00,0.00,108367176,870,962,865,0,0,0,0,0,201,0,1062770,521,-,0,--V 1048576 --N 131072 --K 8 --init 4000000 --pins 1 --src hub --hub 1.0,2026-09-28 16:00:28
abl-hub1.0-ins-K8,gtx-cons,4,2.5846,131072,2669,0,14609,1033967,50713155.9,5652378.0,264.19,323.58,587.78,0.00,0.00,108364328,874,952,843,0,0,0,0,0,194,0,1062574,528,-,0,--V 1048576 --N 131072 --K 8 --init 4000000 --pins 1 --src hub --hub 1.0,2026-09-28 16:00:28
abl-hub1.0-ins-K8,gtx-coop-only,0,2.4218,131072,2684,0,14609,1033967,54122619.7,6032389.5,247.81,296.96,551.94,0.00,0.00,108367832,878,957,849,0,0,0,0,0,208,0,36102,545,-,0,--V 1048576 --N 131072 --K 8 --init 4000000 --pins 1 --src hub --hub 1.0,2026-09-28 16:00:30
abl-hub1.0-ins-K8,gtx-coop-only,1,2.4361,131072,2693,0,14609,1033967,53804120.4,5996890.2,248.83,299.01,552.96,0.00,0.00,108368080,868,973,852,0,0,0,0,0,201,0,36167,539,-,0,--V 1048576 --N 131072 --K 8 --init 4000000 --pins 1 --src hub --hub 1.0,2026-09-28 16:00:30
abl-hub1.0-ins-K8,gtx-coop-only,2,2.4248,131072,2693,0,14609,1033967,54054051.7,6024747.0,247.81,300.03,545.79,0.00,0.00,108366296,882,963,848,0,0,0,0,0,200,0,36184,553,-,0,--V 1048576 --N 131072 --K 8 --init 4000000 --pins 1 --src hub --hub 1.0,2026-09-28 16:00:30
abl-hub1.0-ins-K8,gtx-coop-only,3,2.4187,131072,2733,0,14609,1033967,54191361.9,6040051.3,246.78,295.94,551.94,0.00,0.00,108366264,877,990,866,0,0,0,0,0,192,0,36086,539,-,0,--V 1048576 --N 131072 --K 8 --init 4000000 --pins 1 --src hub --hub 1.0,2026-09-28 16:00:30
abl-hub1.0-ins-K8,gtx-coop-only,4,2.9932,131072,2682,0,14609,1033967,43790627.5,4880808.1,253.95,799.74,836.61,0.00,0.00,108364800,862,963,857,0,0,0,0,0,200,0,36226,557,-,0,--V 1048576 --N 131072 --K 8 --init 4000000 --pins 1 --src hub --hub 1.0,2026-09-28 16:00:30
abl-hub1.0-ins-K8,gtx-dst-only,0,2.5876,131072,1867,0,14609,1033967,50652949.8,5645667.6,270.34,328.70,522.24,0.00,0.00,108133640,892,975,0,0,0,0,0,0,207,0,1058444,534,-,0,--V 1048576 --N 131072 --K 8 --init 4000000 --pins 1 --src hub --hub 1.0,2026-09-28 16:00:31
abl-hub1.0-ins-K8,gtx-dst-only,1,2.9491,131072,1876,0,14609,1033967,44445410.3,4953788.8,274.43,658.43,703.49,0.00,0.00,108133712,874,1002,0,0,0,0,0,0,198,0,1058478,538,-,0,--V 1048576 --N 131072 --K 8 --init 4000000 --pins 1 --src hub --hub 1.0,2026-09-28 16:00:31
abl-hub1.0-ins-K8,gtx-dst-only,2,2.5876,131072,1858,0,14609,1033967,50652949.8,5645667.6,269.31,328.70,523.26,0.00,0.00,108133568,882,976,0,0,0,0,0,0,194,0,1058352,550,-,0,--V 1048576 --N 131072 --K 8 --init 4000000 --pins 1 --src hub --hub 1.0,2026-09-28 16:00:31
abl-hub1.0-ins-K8,gtx-dst-only,3,2.6307,131072,1871,0,14609,1033967,49824834.5,5553367.7,270.34,328.70,526.34,0.00,0.00,108133672,888,983,0,0,0,0,0,0,195,0,1058469,561,-,0,--V 1048576 --N 131072 --K 8 --init 4000000 --pins 1 --src hub --hub 1.0,2026-09-28 16:00:31
abl-hub1.0-ins-K8,gtx-dst-only,4,3.5379,131072,1852,0,14609,1033967,37047756.9,4129262.4,281.60,833.54,873.47,0.00,0.00,108133520,874,978,0,0,0,0,0,0,203,0,1058379,560,-,0,--V 1048576 --N 131072 --K 8 --init 4000000 --pins 1 --src hub --hub 1.0,2026-09-28 16:00:31
abl-zipf-churn-K4,gtx,0,8.0968,262144,6451,0,1003039,45537,32376373.8,123881399.7,392.19,925.70,1153.02,0.00,0.00,757576600,3229,3222,0,0,0,0,0,0,702,45628,1032353,1344,-,0,--V 1048576 --N 262144 --K 4 --init 4000000 --src zipf --zipf 1.0 --pins .5 --pdel .5,2026-09-28 16:00:34
abl-zipf-churn-K4,gtx,1,7.6114,262144,6453,0,1003033,45543,34441006.2,131780493.9,390.14,761.86,1127.42,0.00,0.00,757585512,3254,3199,0,0,0,0,0,0,705,45618,1032254,1346,-,0,--V 1048576 --N 262144 --K 4 --init 4000000 --src zipf --zipf 1.0 --pins .5 --pdel .5,2026-09-28 16:00:34
abl-zipf-churn-K4,gtx,2,7.2018,262144,6470,0,1003043,45533,36399830.6,139276867.9,388.10,446.46,1105.92,0.00,0.00,757539600,3239,3231,0,0,0,0,0,0,675,45619,1032318,1341,-,0,--V 1048576 --N 262144 --K 4 --init 4000000 --src zipf --zipf 1.0 --pins .5 --pdel .5,2026-09-28 16:00:34
abl-zipf-churn-K4,gtx,3,7.1813,262144,6483,0,1003029,45547,36503635.7,139672108.4,388.10,446.46,1103.87,0.00,0.00,757646040,3222,3261,0,0,0,0,0,0,713,45630,1032490,1332,-,0,--V 1048576 --N 262144 --K 4 --init 4000000 --src zipf --zipf 1.0 --pins .5 --pdel .5,2026-09-28 16:00:34
abl-zipf-churn-K4,gtx,4,7.1823,262144,6470,0,1003028,45548,36498432.5,139652060.3,387.07,444.42,1106.94,0.00,0.00,757684528,3272,3198,0,0,0,0,0,0,708,45612,1032445,1323,-,0,--V 1048576 --N 262144 --K 4 --init 4000000 --src zipf --zipf 1.0 --pins .5 --pdel .5,2026-09-28 16:00:34
abl-zipf-churn-K4,gtx-cons,0,8.1459,262144,11947,0,1002997,45579,32181019.0,123128759.5,381.95,933.89,1331.20,0.00,0.00,761453640,3212,3090,5645,0,0,0,0,0,754,45870,1128394,1274,-,0,--V 1048576 --N 262144 --K 4 --init 4000000 --src zipf --zipf 1.0 --pins .5 --pdel .5,2026-09-28 16:00:37
abl-zipf-churn-K4,gtx-cons,1,7.5960,262144,11949,0,1003000,45576,34510649.1,132042621.9,380.93,763.90,1176.58,0.00,0.00,761361576,3175,3128,5646,0,0,0,0,0,747,45857,1128356,1259,-,0,--V 1048576 --N 262144 --K 4 --init 4000000 --src zipf --zipf 1.0 --pins .5 --pdel .5,2026-09-28 16:00:37
abl-zipf-churn-K4,gtx-cons,2,7.6237,262144,11950,0,1003009,45567,34385493.1,131564937.8,379.90,757.76,1170.43,0.00,0.00,761284336,3223,3097,5630,0,0,0,0,0,747,45844,1128328,1295,-,0,--V 1048576 --N 262144 --K 4 --init 4000000 --src zipf --zipf 1.0 --pins .5 --pdel .5,2026-09-28 16:00:37
abl-zipf-churn-K4,gtx-cons,3,8.1572,262144,11928,0,1002989,45587,32136581.9,122957756.4,380.93,970.75,1210.37,0.00,0.00,761368216,3193,3096,5639,0,0,0,0,0,769,45849,1128350,1266,-,0,--V 1048576 --N 262144 --K 4 --init 4000000 --src zipf --zipf 1.0 --pins .5 --pdel .5,2026-09-28 16:00:37
abl-zipf-churn-K4,gtx-cons,4,7.5837,262144,11913,0,1003009,45567,34566567.4,132257760.0,379.90,760.83,1174.53,0.00,0.00,761377208,3193,3081,5639,0,0,0,0,0,739,45849,1128284,1276,-,0,--V 1048576 --N 262144 --K 4 --init 4000000 --src zipf --zipf 1.0 --pins .5 --pdel .5,2026-09-28 16:00:37
abl-zipf-churn-K4,gtx-coop-only,0,7.6012,262144,11979,0,1003000,45576,34487404.3,131953683.8,379.90,760.83,1170.43,0.00,0.00,761353968,3205,3128,5646,0,0,0,0,0,719,45842,1047915,1290,-,0,--V 1048576 --N 262144 --K 4 --init 4000000 --src zipf --zipf 1.0 --pins .5 --pdel .5,2026-09-28 16:00:40
abl-zipf-churn-K4,gtx-coop-only,1,7.5674,262144,11996,0,1003014,45562,34641407.7,132544772.6,378.88,765.95,1168.38,0.00,0.00,761366472,3204,3152,5640,0,0,0,0,0,751,45850,1047959,1271,-,0,--V 1048576 --N 262144 --K 4 --init 4000000 --src zipf --zipf 1.0 --pins .5 --pdel .5,2026-09-28 16:00:40
abl-zipf-churn-K4,gtx-coop-only,2,7.6114,262144,12001,0,1003023,45553,34441006.2,131779180.1,377.86,791.55,1154.05,0.00,0.00,761317464,3235,3110,5656,0,0,0,0,0,758,45848,1047978,1300,-,0,--V 1048576 --N 262144 --K 4 --init 4000000 --src zipf --zipf 1.0 --pins .5 --pdel .5,2026-09-28 16:00:40
abl-zipf-churn-K4,gtx-coop-only,3,7.2837,262144,11992,0,1003020,45556,35990440.5,137707258.7,376.83,449.54,1141.76,0.00,0.00,761342136,3247,3103,5642,0,0,0,0,0,760,45838,1047778,1314,-,0,--V 1048576 --N 262144 --K 4 --init 4000000 --src zipf --zipf 1.0 --pins .5 --pdel .5,2026-09-28 16:00:40
abl-zipf-churn-K4,gtx-coop-only,4,7.5960,262144,11932,0,1002988,45588,34510649.1,132041042.1,377.86,789.50,1154.05,0.00,0.00,761316320,3241,3063,5628,0,0,0,0,0,742,45845,1047642,1289,-,0,--V 1048576 --N 262144 --K 4 --init 4000000 --src zipf --zipf 1.0 --pins .5 --pdel .5,2026-09-28 16:00:40
abl-zipf-churn-K4,gtx-dst-only,0,7.7629,262144,6500,0,1003029,45547,33768631.1,129207291.9,390.14,936.96,1139.71,0.00,0.00,757611360,3221,3279,0,0,0,0,0,0,702,45622,1112710,1332,-,0,--V 1048576 --N 262144 --K 4 --init 4000000 --src zipf --zipf 1.0 --pins .5 --pdel .5,2026-09-28 16:00:43
abl-zipf-churn-K4,gtx-dst-only,1,7.7537,262144,6475,0,1003042,45534,33808769.5,129362548.1,390.14,929.79,1136.64,0.00,0.00,757592696,3217,3258,0,0,0,0,0,0,686,45621,1112691,1320,-,0,--V 1048576 --N 262144 --K 4 --init 4000000 --src zipf --zipf 1.0 --pins .5 --pdel .5,2026-09-28 16:00:43
abl-zipf-churn-K4,gtx-dst-only,2,7.1598,262144,6509,0,1003039,45537,36613271.5,140092999.4,388.10,448.51,1110.02,0.00,0.00,757611656,3246,3263,0,0,0,0,0,0,669,45629,1112741,1319,-,0,--V 1048576 --N 262144 --K 4 --init 4000000 --src zipf --zipf 1.0 --pins .5 --pdel .5,2026-09-28 16:00:43
abl-zipf-churn-K4,gtx-dst-only,3,7.2264,262144,6493,0,1003047,45529,36276038.2,138803754.1,389.12,448.51,1110.02,0.00,0.00,757745000,3253,3240,0,0,0,0,0,0,696,45624,1112654,1323,-,0,--V 1048576 --N 262144 --K 4 --init 4000000 --src zipf --zipf 1.0 --pins .5 --pdel .5,2026-09-28 16:00:43
abl-zipf-churn-K4,gtx-dst-only,4,7.1485,262144,6445,0,1003027,45549,36671128.8,140312699.5,388.10,448.51,1106.94,0.00,0.00,757587560,3248,3197,0,0,0,0,0,0,700,45612,1112563,1307,-,0,--V 1048576 --N 262144 --K 4 --init 4000000 --src zipf --zipf 1.0 --pins .5 --pdel .5,2026-09-28 16:00:43
SER-uniform-rw-K4,gtx,0,5.6955,262144,3454,0,721749,11596,46026609.3,126722943.3,309.25,361.47,602.11,305.15,371.71,506397488,1343,1847,0,264,0,0,0,0,186,45792,787006,190,-,0,--V 1048576 --N 262144 --K 4 --init 4000000 --pins .4 --pdel .3 --pread .3 --ser 1,2026-09-28 16:00:46
SER-uniform-rw-K4,gtx,1,6.1962,262144,3471,0,721750,11595,42307055.2,116482227.8,312.32,851.97,918.53,309.25,910.34,506456024,1325,1881,0,265,0,0,0,0,202,45817,787094,172,-,0,--V 1048576 --N 262144 --K 4 --init 4000000 --pins .4 --pdel .3 --pread .3 --ser 1,2026-09-28 16:00:46
SER-uniform-rw-K4,gtx,2,5.6596,262144,3453,0,721751,11594,46318075.4,127525776.8,309.25,361.47,600.06,307.20,374.78,506448872,1331,1858,0,264,0,0,0,0,202,45814,787049,173,-,0,--V 1048576 --N 262144 --K 4 --init 4000000 --pins .4 --pdel .3 --pread .3 --ser 1,2026-09-28 16:00:46
SER-uniform-rw-K4,gtx,3,6.2034,262144,3473,0,721753,11592,42258170.8,116348120.0,312.32,857.09,916.48,309.25,904.19,506425672,1329,1878,0,266,0,0,0,0,201,45804,787069,171,-,0,--V 1048576 --N 262144 --K 4 --init 4000000 --pins .4 --pdel .3 --pread .3 --ser 1,2026-09-28 16:00:46
SER-uniform-rw-K4,gtx,4,5.6248,262144,3462,0,721754,11591,46604768.4,128315651.1,309.25,360.45,603.14,305.15,370.69,506383536,1321,1879,0,262,0,0,0,0,207,45786,787025,166,-,0,--V 1048576 --N 262144 --K 4 --init 4000000 --pins .4 --pdel .3 --pread .3 --ser 1,2026-09-28 16:00:46
SER-uniform-rw-K4,gtx-cons,0,6.0867,262144,6606,0,721732,11613,43068640.0,118576109.6,310.27,678.91,905.22,306.18,716.80,511268496,1327,1814,3209,256,0,0,0,0,197,47044,795500,168,-,0,--V 1048576 --N 262144 --K 4 --init 4000000 --pins .4 --pdel .3 --pread .3 --ser 1,2026-09-28 16:00:48
SER-uniform-rw-K4,gtx-cons,1,6.2904,262144,6668,0,721734,11611,41673449.6,114735204.6,310.27,865.28,933.89,308.22,909.31,511373736,1331,1840,3222,275,0,0,0,0,190,47104,795708,168,-,0,--V 1048576 --N 262144 --K 4 --init 4000000 --pins .4 --pdel .3 --pread .3 --ser 1,2026-09-28 16:00:48
SER-uniform-rw-K4,gtx-cons,2,6.2771,262144,6646,0,721728,11617,41761826.3,114977567.3,310.27,873.47,942.08,306.18,910.34,511240048,1331,1844,3226,245,0,0,0,0,193,47057,795542,164,-,0,--V 1048576 --N 262144 --K 4 --init 4000000 --pins .4 --pdel .3 --pread .3 --ser 1,2026-09-28 16:00:48
SER-uniform-rw-K4,gtx-cons,3,6.3232,262144,6584,0,721732,11613,41457488.4,114140304.6,311.30,838.66,924.67,307.20,885.76,511239952,1346,1792,3189,257,0,0,0,0,211,47035,795364,177,-,0,--V 1048576 --N 262144 --K 4 --init 4000000 --pins .4 --pdel .3 --pread .3 --ser 1,2026-09-28 16:00:48
SER-uniform-rw-K4,gtx-cons,4,5.7416,262144,6654,0,721735,11610,45657213.5,125703464.4,308.22,361.47,871.42,305.15,366.59,511329504,1311,1834,3241,268,0,0,0,0,179,47082,795630,192,-,0,--V 1048576 --N 262144 --K 4 --init 4000000 --pins .4 --pdel .3 --pread .3 --ser 1,2026-09-28 16:00:48
SER-uniform-rw-K4,2pl,0,3.5052,262144,0,0,721418,11927,74788197.8,205816467.5,308.22,551.94,743.42,376.83,748.54,78684480,0,0,0,0,0,0,0,0,416620,0,0,0,-,0,--V 1048576 --N 262144 --K 4 --init 4000000 --pins .4 --pdel .3 --pread .3 --ser 1,2026-09-28 16:00:51
SER-uniform-rw-K4,2pl,1,3.8851,262144,0,0,721405,11940,67474960.1,185687155.2,315.39,769.02,992.26,381.95,1028.10,78684480,0,0,0,0,0,0,0,0,416330,0,0,0,-,0,--V 1048576 --N 262144 --K 4 --init 4000000 --pins .4 --pdel .3 --pread .3 --ser 1,2026-09-28 16:00:51
SER-uniform-rw-K4,2pl,2,3.5369,262144,0,0,721425,11920,74116966.0,203971222.8,307.20,549.89,741.38,375.81,774.14,78684480,0,0,0,0,0,0,0,0,416048,0,0,0,-,0,--V 1048576 --N 262144 --K 4 --init 4000000 --pins .4 --pdel .3 --pread .3 --ser 1,2026-09-28 16:00:51
SER-uniform-rw-K4,2pl,3,3.5369,262144,0,0,721426,11919,74116966.0,203971505.5,307.20,549.89,742.40,373.76,830.46,78684480,0,0,0,0,0,0,0,0,419730,0,0,0,-,0,--V 1048576 --N 262144 --K 4 --init 4000000 --pins .4 --pdel .3 --pread .3 --ser 1,2026-09-28 16:00:51
SER-uniform-rw-K4,2pl,4,4.6244,262144,0,0,721410,11935,56687334.8,156001320.7,331.78,973.82,1198.08,408.58,1242.11,78684480,0,0,0,0,0,0,0,0,417930,0,0,0,-,0,--V 1048576 --N 262144 --K 4 --init 4000000 --pins .4 --pdel .3 --pread .3 --ser 1,2026-09-28 16:00:51
SER-uniform-rw-K4,stm,0,13.0028,262144,124895,0,721185,12160,20160654.7,55464026.6,971.78,2663.42,4246.53,520.19,1489.92,78684480,0,0,0,0,0,0,3826,121069,3826,0,0,0,-,0,--V 1048576 --N 262144 --K 4 --init 4000000 --pins .4 --pdel .3 --pread .3 --ser 1,2026-09-28 16:00:53
SER-uniform-rw-K4,stm,1,12.4221,262144,125026,0,721140,12205,21102959.5,58052780.9,970.75,2613.25,4198.40,522.24,1413.12,78684480,0,0,0,0,0,0,3843,121183,3843,0,0,0,-,0,--V 1048576 --N 262144 --K 4 --init 4000000 --pins .4 --pdel .3 --pread .3 --ser 1,2026-09-28 16:00:53
SER-uniform-rw-K4,stm,2,12.3843,262144,124417,0,721166,12179,21167520.5,58232483.2,969.73,2617.34,4153.34,524.29,1613.82,78684480,0,0,0,0,0,0,3776,120641,3776,0,0,0,-,0,--V 1048576 --N 262144 --K 4 --init 4000000 --pins .4 --pdel .3 --pread .3 --ser 1,2026-09-28 16:00:53
SER-uniform-rw-K4,stm,3,12.8604,262144,124873,0,721156,12189,20383787.9,56075633.7,1013.76,2673.66,4256.77,539.65,1433.60,78684480,0,0,0,0,0,0,3825,121048,3825,0,0,0,-,0,--V 1048576 --N 262144 --K 4 --init 4000000 --pins .4 --pdel .3 --pread .3 --ser 1,2026-09-28 16:00:53
SER-uniform-rw-K4,stm,4,12.9116,262144,124801,0,721208,12137,20302957.7,55857297.9,1012.74,2680.83,4253.70,540.67,1511.42,78684480,0,0,0,0,0,0,3885,120916,3885,0,0,0,-,0,--V 1048576 --N 262144 --K 4 --init 4000000 --pins .4 --pdel .3 --pread .3 --ser 1,2026-09-28 16:00:53
SER-uniform-rw-K4,stm-nodeg,0,6.8055,262144,30979,0,721397,11948,38519411.0,106001997.3,525.31,1324.03,1917.95,362.50,1297.41,78684480,0,0,0,0,0,0,19,30960,19,0,0,0,-,0,--V 1048576 --N 262144 --K 4 --init 4000000 --pins .4 --pdel .3 --pread .3 --ser 1,2026-09-28 16:00:55
SER-uniform-rw-K4,stm-nodeg,1,5.7149,262144,30867,0,721396,11949,45869916.7,126229760.9,489.47,1000.45,1477.63,349.18,862.21,78684480,0,0,0,0,0,0,20,30847,20,0,0,0,-,0,--V 1048576 --N 262144 --K 4 --init 4000000 --pins .4 --pdel .3 --pread .3 --ser 1,2026-09-28 16:00:55
SER-uniform-rw-K4,stm-nodeg,2,6.8649,262144,31011,0,721411,11934,38186158.5,105086955.3,529.41,1298.43,1887.23,363.52,1170.43,78684480,0,0,0,0,0,0,21,30990,21,0,0,0,-,0,--V 1048576 --N 262144 --K 4 --init 4000000 --pins .4 --pdel .3 --pread .3 --ser 1,2026-09-28 16:00:55
SER-uniform-rw-K4,stm-nodeg,3,5.7324,262144,31108,0,721436,11909,45730619.8,125853406.7,489.47,1003.52,1481.73,349.18,877.57,78684480,0,0,0,0,0,0,22,31086,22,0,0,0,-,0,--V 1048576 --N 262144 --K 4 --init 4000000 --pins .4 --pdel .3 --pread .3 --ser 1,2026-09-28 16:00:55
SER-uniform-rw-K4,stm-nodeg,4,6.7758,262144,31171,0,721423,11922,38688228.1,106470404.0,525.31,1324.03,1944.58,366.59,1155.07,78684480,0,0,0,0,0,0,18,31153,18,0,0,0,-,0,--V 1048576 --N 262144 --K 4 --init 4000000 --pins .4 --pdel .3 --pread .3 --ser 1,2026-09-28 16:00:55
SI-uniform-rw-K4,gtx,0,5.1446,262144,2768,0,721472,11873,50955413.3,140239349.1,282.62,330.75,375.81,279.55,347.14,505978528,1143,1625,0,0,0,0,0,0,221,45615,785222,678,-,0,--V 1048576 --N 262144 --K 4 --init 4000000 --pins .4 --pdel .3 --pread .3,2026-09-28 16:00:57
SI-uniform-rw-K4,gtx,1,5.7283,262144,2788,0,721477,11868,45763316.0,125950546.1,286.72,823.30,879.62,284.67,873.47,505976352,1152,1636,0,0,0,0,0,0,220,45614,785237,679,-,0,--V 1048576 --N 262144 --K 4 --init 4000000 --pins .4 --pdel .3 --pread .3,2026-09-28 16:00:57
SI-uniform-rw-K4,gtx,2,5.1497,262144,2807,0,721478,11867,50904753.7,140101089.0,282.62,330.75,373.76,280.58,342.02,506018552,1133,1674,0,0,0,0,0,0,207,45632,785296,672,-,0,--V 1048576 --N 262144 --K 4 --init 4000000 --pins .4 --pdel .3 --pread .3,2026-09-28 16:00:57
SI-uniform-rw-K4,gtx,3,6.0897,262144,2770,0,721476,11869,43046915.3,118474259.3,288.77,814.08,880.64,286.72,863.23,505987888,1148,1622,0,0,0,0,0,0,209,45619,785253,664,-,0,--V 1048576 --N 262144 --K 4 --init 4000000 --pins .4 --pdel .3 --pread .3,2026-09-28 16:00:57
SI-uniform-rw-K4,gtx,4,5.1374,262144,2779,0,721477,11868,51026512.1,140436000.2,282.62,330.75,369.66,279.55,343.04,506037016,1157,1622,0,0,0,0,0,0,208,45640,785293,682,-,0,--V 1048576 --N 262144 --K 4 --init 4000000 --pins .4 --pdel .3 --pread .3,2026-09-28 16:00:57
SI-uniform-rw-K4,gtx-cons,0,6.1491,262144,5610,0,721460,11885,42631141.7,117327360.2,287.74,816.13,881.66,284.67,850.94,510568792,1129,1601,2880,0,0,0,0,0,207,46764,792964,684,-,0,--V 1048576 --N 262144 --K 4 --init 4000000 --pins .4 --pdel .3 --pread .3,2026-09-28 16:01:00
SI-uniform-rw-K4,gtx-cons,1,5.8051,262144,5613,0,721458,11887,45157875.4,124280969.6,284.67,837.63,892.93,281.60,879.62,510632104,1119,1636,2858,0,0,0,0,0,235,46779,792991,680,-,0,--V 1048576 --N 262144 --K 4 --init 4000000 --pins .4 --pdel .3 --pread .3,2026-09-28 16:01:00
SI-uniform-rw-K4,gtx-cons,2,5.7610,262144,5619,0,721459,11886,45503021.7,125231035.4,284.67,769.02,855.04,281.60,820.22,510688152,1161,1584,2874,0,0,0,0,0,217,46808,792990,683,-,0,--V 1048576 --N 262144 --K 4 --init 4000000 --pins .4 --pdel .3 --pread .3,2026-09-28 16:01:00
SI-uniform-rw-K4,gtx-cons,3,5.2029,262144,5659,0,721451,11894,50383784.6,138662078.1,281.60,332.80,726.02,279.55,343.04,510679152,1156,1595,2908,0,0,0,0,0,227,46805,793134,686,-,0,--V 1048576 --N 262144 --K 4 --init 4000000 --pins .4 --pdel .3 --pread .3,2026-09-28 16:01:00
SI-uniform-rw-K4,gtx-cons,4,5.1968,262144,5606,0,721460,11885,50443347.5,138827734.0,282.62,332.80,647.17,278.53,345.09,510566728,1149,1582,2875,0,0,0,0,0,212,46766,792951,656,-,0,--V 1048576 --N 262144 --K 4 --init 4000000 --pins .4 --pdel .3 --pread .3,2026-09-28 16:01:00
SER-zipf-rw-K4,gtx,0,9.2109,262144,4259,0,710477,22868,28460254.8,77134538.5,474.11,1016.83,1091.58,473.09,1061.89,644697240,1465,2291,0,503,0,0,0,0,210,35617,734650,335,-,0,--V 1048576 --N 262144 --K 4 --init 4000000 --src zipf --zipf 1.0 --pins .4 --pdel .3 --pread .3 --ser 1,2026-09-28 16:01:03
SER-zipf-rw-K4,gtx,1,9.5488,262144,4239,0,710480,22865,27453081.8,74405157.2,477.18,1020.93,1099.78,476.16,1063.94,644722552,1461,2267,0,511,0,0,0,0,210,35621,734458,333,-,0,--V 1048576 --N 262144 --K 4 --init 4000000 --src zipf --zipf 1.0 --pins .4 --pdel .3 --pread .3 --ser 1,2026-09-28 16:01:03
SER-zipf-rw-K4,gtx,2,9.0511,262144,4240,0,710483,22862,28962552.3,78496555.4,476.16,835.58,972.80,474.11,870.40,644699424,1470,2268,0,502,0,0,0,0,203,35618,734613,301,-,0,--V 1048576 --N 262144 --K 4 --init 4000000 --src zipf --zipf 1.0 --pins .4 --pdel .3 --pread .3 --ser 1,2026-09-28 16:01:03
SER-zipf-rw-K4,gtx,3,8.6364,262144,4213,0,710471,22874,30353330.2,82264560.2,473.09,528.38,964.61,472.06,545.79,644858152,1460,2251,0,502,0,0,0,0,197,35617,734445,328,-,0,--V 1048576 --N 262144 --K 4 --init 4000000 --src zipf --zipf 1.0 --pins .4 --pdel .3 --pread .3 --ser 1,2026-09-28 16:01:03
SER-zipf-rw-K4,gtx,4,8.6886,262144,4219,0,710482,22863,30170891.1,81771373.8,473.09,527.36,964.61,471.04,544.77,644726840,1467,2228,0,524,0,0,0,0,215,35616,734476,329,-,0,--V 1048576 --N 262144 --K 4 --init 4000000 --src zipf --zipf 1.0 --pins .4 --pdel .3 --pread .3 --ser 1,2026-09-28 16:01:03
SER-zipf-rw-K4,gtx-cons,0,8.5330,262144,7994,0,710469,22876,30721227.5,83261412.9,451.58,509.95,1335.30,450.56,517.12,648676224,1458,2279,3745,512,0,0,0,0,234,35713,787116,329,-,0,--V 1048576 --N 262144 --K 4 --init 4000000 --src zipf --zipf 1.0 --pins .4 --pdel .3 --pread .3 --ser 1,2026-09-28 16:01:06
SER-zipf-rw-K4,gtx-cons,1,8.4777,262144,7854,0,710467,22878,30921607.4,83804251.2,452.61,509.95,1332.22,450.56,517.12,648679136,1435,2207,3697,515,0,0,0,0,216,35709,786771,329,-,0,--V 1048576 --N 262144 --K 4 --init 4000000 --src zipf --zipf 1.0 --pins .4 --pdel .3 --pread .3 --ser 1,2026-09-28 16:01:06
SER-zipf-rw-K4,gtx-cons,2,9.4218,262144,7825,0,710456,22889,27823061.4,75405353.1,456.70,1000.45,1381.38,454.66,1030.14,648695528,1426,2167,3724,508,0,0,0,0,224,35715,786778,321,-,0,--V 1048576 --N 262144 --K 4 --init 4000000 --src zipf --zipf 1.0 --pins .4 --pdel .3 --pread .3 --ser 1,2026-09-28 16:01:06
SER-zipf-rw-K4,gtx-cons,3,9.1791,262144,7860,0,710457,22888,28558678.3,77399112.4,453.63,519.17,1336.32,451.58,933.89,648674496,1450,2230,3673,507,0,0,0,0,224,35715,786788,444,-,0,--V 1048576 --N 262144 --K 4 --init 4000000 --src zipf --zipf 1.0 --pins .4 --pdel .3 --pread .3 --ser 1,2026-09-28 16:01:06
SER-zipf-rw-K4,gtx-cons,4,9.4177,262144,7811,0,710460,22885,27835162.4,75438573.7,456.70,1008.64,1376.26,454.66,1041.41,648598264,1420,2195,3682,514,0,0,0,0,221,35715,786710,329,-,0,--V 1048576 --N 262144 --K 4 --init 4000000 --src zipf --zipf 1.0 --pins .4 --pdel .3 --pread .3 --ser 1,2026-09-28 16:01:06
SER-zipf-rw-K4,2pl,0,13416.9141,262144,0,0,708430,24915,19538.3,52801.3,439.30,8866440.19,13287891.97,429.06,13310375.94,103280000,0,0,0,0,0,0,0,0,3456983582,0,0,0,-,0,--V 1048576 --N 262144 --K 4 --init 4000000 --src zipf --zipf 1.0 --pins .4 --pdel .3 --pread .3 --ser 1,2026-09-28 16:02:31
SER-zipf-rw-K4,2pl,1,13415.2969,262144,0,0,708394,24951,19540.7,52804.9,440.32,8851486.72,13296000.00,424.96,13306330.11,103280000,0,0,0,0,0,0,0,0,3427521739,0,0,0,-,0,--V 1048576 --N 262144 --K 4 --init 4000000 --src zipf --zipf 1.0 --pins .4 --pdel .3 --pread .3 --ser 1,2026-09-28 16:02:31
SER-zipf-rw-K4,2pl,2,13315.1406,262144,0,0,708463,24882,19687.7,53207.3,440.32,8780473.34,13190266.88,423.94,13219442.69,103280000,0,0,0,0,0,0,0,0,3146900738,0,0,0,-,0,--V 1048576 --N 262144 --K 4 --init 4000000 --src zipf --zipf 1.0 --pins .4 --pdel .3 --pread .3 --ser 1,2026-09-28 16:02:31
SER-zipf-rw-K4,2pl,3,13307.4287,262144,0,0,708441,24904,19699.1,53236.5,439.30,8775650.30,13176499.20,415.74,13198602.24,103280000,0,0,0,0,0,0,0,0,3074582306,0,0,0,-,0,--V 1048576 --N 262144 --K 4 --init 4000000 --src zipf --zipf 1.0 --pins .4 --pdel .3 --pread .3 --ser 1,2026-09-28 16:02:31
SER-zipf-rw-K4,2pl,4,13258.1660,262144,0,0,708423,24922,19772.3,53433.0,440.32,8751268.86,13132361.73,429.06,13150441.47,103280000,0,0,0,0,0,0,0,0,2965798232,0,0,0,-,0,--V 1048576 --N 262144 --K 4 --init 4000000 --src zipf --zipf 1.0 --pins .4 --pdel .3 --pread .3 --ser 1,2026-09-28 16:02:31
SER-zipf-rw-K4,stm,0,1513.6389,167212,441211941,94932,417673,18719,110470.2,275939.7,1324.03,258622.46,435893.25,173.06,488.45,103280000,0,0,0,0,0,0,6267878,434944063,6267878,0,0,0,-,0,--V 1048576 --N 262144 --K 4 --init 4000000 --src zipf --zipf 1.0 --pins .4 --pdel .3 --pread .3 --ser 1,2026-09-28 16:02:42
SER-zipf-rw-K4,stm,1,1183.0518,167444,440361479,94700,418431,18703,141535.7,353687.8,1006.59,209784.83,345449.47,131.07,374.78,103280000,0,0,0,0,0,0,6298397,434063082,6298397,0,0,0,-,0,--V 1048576 --N 262144 --K 4 --init 4000000 --src zipf --zipf 1.0 --pins .4 --pdel .3 --pread .3 --ser 1,2026-09-28 16:02:42
SER-zipf-rw-K4,stm,2,1138.3459,167465,440115117,94679,418562,18625,147112.6,367693.1,963.58,203333.63,332841.98,124.93,362.50,103280000,0,0,0,0,0,0,6282369,433832748,6282369,0,0,0,-,0,--V 1048576 --N 262144 --K 4 --init 4000000 --src zipf --zipf 1.0 --pins .4 --pdel .3 --pread .3 --ser 1,2026-09-28 16:02:42
SER-zipf-rw-K4,stm,3,1138.5723,167527,439882128,94617,418602,18628,147137.8,367655.2,960.51,202935.30,337393.66,124.93,397.31,103280000,0,0,0,0,0,0,6306285,433575843,6306285,0,0,0,-,0,--V 1048576 --N 262144 --K 4 --init 4000000 --src zipf --zipf 1.0 --pins .4 --pdel .3 --pread .3 --ser 1,2026-09-28 16:02:42
SER-zipf-rw-K4,stm,4,1137.3804,167488,439951714,94656,418433,18736,147257.7,367891.9,957.44,202887.17,333964.29,125.95,365.57,103280000,0,0,0,0,0,0,6232845,433718869,6232845,0,0,0,-,0,--V 1048576 --N 262144 --K 4 --init 4000000 --src zipf --zipf 1.0 --pins .4 --pdel .3 --pread .3 --ser 1,2026-09-28 16:02:42
SER-zipf-rw-K4,stm-nodeg,0,5.8337,262144,35424,0,710055,23290,44935932.5,121715482.8,473.09,1042.43,1655.81,324.61,873.47,103280000,0,0,0,0,0,0,27,35397,27,0,0,0,-,0,--V 1048576 --N 262144 --K 4 --init 4000000 --src zipf --zipf 1.0 --pins .4 --pdel .3 --pread .3 --ser 1,2026-09-28 16:02:45
SER-zipf-rw-K4,stm-nodeg,1,6.4840,262144,35245,0,710053,23292,40429565.5,109509026.6,489.47,1287.17,1950.72,330.75,1300.48,103280000,0,0,0,0,0,0,23,35222,23,0,0,0,-,0,--V 1048576 --N 262144 --K 4 --init 4000000 --src zipf --zipf 1.0 --pins .4 --pdel .3 --pread .3 --ser 1,2026-09-28 16:02:45
SER-zipf-rw-K4,stm-nodeg,2,5.8307,262144,35270,0,710047,23298,44959606.2,121778234.5,473.09,1037.31,1653.76,324.61,902.14,103280000,0,0,0,0,0,0,21,35249,21,0,0,0,-,0,--V 1048576 --N 262144 --K 4 --init 4000000 --src zipf --zipf 1.0 --pins .4 --pdel .3 --pread .3 --ser 1,2026-09-28 16:02:45
SER-zipf-rw-K4,stm-nodeg,3,5.8092,262144,35139,0,710034,23311,45126034.6,122226787.1,473.09,1041.41,1665.02,322.56,890.88,103280000,0,0,0,0,0,0,30,35109,30,0,0,0,-,0,--V 1048576 --N 262144 --K 4 --init 4000000 --src zipf --zipf 1.0 --pins .4 --pdel .3 --pread .3 --ser 1,2026-09-28 16:02:45
SER-zipf-rw-K4,stm-nodeg,4,6.7932,262144,35057,0,710018,23327,38589085.2,104518681.0,506.88,1346.56,2064.38,333.82,1331.20,103280000,0,0,0,0,0,0,18,35039,18,0,0,0,-,0,--V 1048576 --N 262144 --K 4 --init 4000000 --src zipf --zipf 1.0 --pins .4 --pdel .3 --pread .3 --ser 1,2026-09-28 16:02:45
SI-zipf-rw-K4,gtx,0,7.5366,262144,2842,0,710101,23244,34782607.9,94219835.9,396.29,779.26,826.37,396.29,807.94,644597136,1222,1620,0,0,0,0,0,0,248,35579,731307,1821,-,0,--V 1048576 --N 262144 --K 4 --init 4000000 --src zipf --zipf 1.0 --pins .4 --pdel .3 --pread .3,2026-09-28 16:02:48
SI-zipf-rw-K4,gtx,1,8.1193,262144,2868,0,710107,23238,32286542.8,87459182.9,399.36,931.84,1325.06,400.38,991.23,644588000,1209,1659,0,0,0,0,0,0,217,35575,731407,1840,-,0,--V 1048576 --N 262144 --K 4 --init 4000000 --src zipf --zipf 1.0 --pins .4 --pdel .3 --pread .3,2026-09-28 16:02:48
SI-zipf-rw-K4,gtx,2,7.1578,262144,2853,0,710091,23254,36623747.5,99205755.1,395.26,440.32,491.52,395.26,452.61,644585544,1192,1661,0,0,0,0,0,0,241,35574,731360,1831,-,0,--V 1048576 --N 262144 --K 4 --init 4000000 --src zipf --zipf 1.0 --pins .4 --pdel .3 --pread .3,2026-09-28 16:02:48
SI-zipf-rw-K4,gtx,3,8.0855,262144,2879,0,710104,23241,32421480.9,87824338.1,400.38,932.86,982.02,400.38,969.73,644599768,1216,1663,0,0,0,0,0,0,241,35580,731452,1837,-,0,--V 1048576 --N 262144 --K 4 --init 4000000 --src zipf --zipf 1.0 --pins .4 --pdel .3 --pread .3,2026-09-28 16:02:48
SI-zipf-rw-K4,gtx,4,7.1854,262144,2884,0,710110,23235,36482826.8,98826676.0,396.29,440.32,495.62,395.26,452.61,644606816,1217,1667,0,0,0,0,0,0,241,35583,731457,1863,-,0,--V 1048576 --N 262144 --K 4 --init 4000000 --src zipf --zipf 1.0 --pins .4 --pdel .3 --pread .3,2026-09-28 16:02:48
SI-zipf-rw-K4,gtx-cons,0,7.0195,262144,5929,0,710079,23266,37345004.7,101157774.3,378.88,424.96,1059.84,377.86,434.18,648387128,1193,1659,3077,0,0,0,0,0,255,35651,782494,1735,-,0,--V 1048576 --N 262144 --K 4 --init 4000000 --src zipf --zipf 1.0 --pins .4 --pdel .3 --pread .3,2026-09-28 16:02:51
SI-zipf-rw-K4,gtx-cons,1,6.9960,262144,5903,0,710081,23264,37470726.7,101498608.0,377.86,423.94,1067.01,378.88,437.25,648412024,1171,1653,3079,0,0,0,0,0,245,35644,782400,1726,-,0,--V 1048576 --N 262144 --K 4 --init 4000000 --src zipf --zipf 1.0 --pins .4 --pdel .3 --pread .3,2026-09-28 16:02:51
SI-zipf-rw-K4,gtx-cons,2,6.9847,262144,5884,0,710075,23270,37531153.7,101661430.2,377.86,423.94,1055.74,377.86,435.20,648417496,1190,1661,3033,0,0,0,0,0,256,35653,782347,1729,-,0,--V 1048576 --N 262144 --K 4 --init 4000000 --src zipf --zipf 1.0 --pins .4 --pdel .3 --pread .3,2026-09-28 16:02:51
SI-zipf-rw-K4,gtx-cons,3,7.4311,262144,5919,0,710083,23262,35276587.9,95555516.7,380.93,744.45,1094.66,380.93,779.26,648299008,1214,1650,3055,0,0,0,0,0,262,35642,782432,1746,-,0,--V 1048576 --N 262144 --K 4 --init 4000000 --src zipf --zipf 1.0 --pins .4 --pdel .3 --pread .3,2026-09-28 16:02:51
SI-zipf-rw-K4,gtx-cons,4,7.9299,262144,5884,0,710073,23272,33057852.0,89544251.0,381.95,915.46,1119.23,381.95,950.27,648355184,1162,1674,3048,0,0,0,0,0,262,35645,782401,1733,-,0,--V 1048576 --N 262144 --K 4 --init 4000000 --src zipf --zipf 1.0 --pins .4 --pdel .3 --pread .3,2026-09-28 16:02:51
SER-hub50-rw-K4,gtx,0,5.8644,262144,9087,0,547199,186685,44700540.8,93307843.0,308.22,373.76,921.60,308.22,385.02,424651424,2756,3642,0,2689,0,0,0,0,144,30464,500883,180,-,0,--V 1048576 --N 262144 --K 4 --init 4000000 --src hub --hub 0.5 --pins .4 --pdel .3 --pread .3 --ser 1,2026-09-28 16:02:53
SER-hub50-rw-K4,gtx,1,5.9136,262144,9146,0,547207,186677,44329004.6,92533651.7,309.25,375.81,924.67,308.22,382.98,424668248,2799,3649,0,2698,0,0,0,0,163,30471,500894,183,-,0,--V 1048576 --N 262144 --K 4 --init 4000000 --src hub --hub 0.5 --pins .4 --pdel .3 --pread .3 --ser 1,2026-09-28 16:02:53
SER-hub50-rw-K4,gtx,2,5.8173,262144,9129,0,547197,186687,45062487.5,94063026.4,308.22,374.78,926.72,307.20,387.07,424735856,2741,3674,0,2714,0,0,0,0,138,30500,501069,156,-,0,--V 1048576 --N 262144 --K 4 --init 4000000 --src hub --hub 0.5 --pins .4 --pdel .3 --pread .3 --ser 1,2026-09-28 16:02:53
SER-hub50-rw-K4,gtx,3,5.8788,262144,9180,0,547192,186692,44591533.2,93079110.1,308.22,374.78,923.65,308.22,381.95,424710568,2742,3701,0,2737,0,0,0,0,159,30489,501074,178,-,0,--V 1048576 --N 262144 --K 4 --init 4000000 --src hub --hub 0.5 --pins .4 --pdel .3 --pread .3 --ser 1,2026-09-28 16:02:53
SER-hub50-rw-K4,gtx,4,6.7912,262144,9199,0,547198,186686,38600722.6,80574944.2,313.34,859.14,1016.83,313.34,893.95,424703712,2803,3677,0,2719,0,0,0,0,156,30486,501053,155,-,0,--V 1048576 --N 262144 --K 4 --init 4000000 --src hub --hub 0.5 --pins .4 --pdel .3 --pread .3 --ser 1,2026-09-28 16:02:53
SER-hub50-rw-K4,gtx-cons,0,5.8614,262144,11900,0,547165,186719,44723970.7,93350950.0,304.13,376.83,934.91,303.10,379.90,425529464,2741,3589,2897,2673,0,0,0,0,177,30739,791830,161,-,0,--V 1048576 --N 262144 --K 4 --init 4000000 --src hub --hub 0.5 --pins .4 --pdel .3 --pread .3 --ser 1,2026-09-28 16:02:55
SER-hub50-rw-K4,gtx-cons,1,5.9453,262144,11944,0,547196,186688,44092318.5,92037736.2,305.15,376.83,939.01,304.13,379.90,425501560,2771,3600,2914,2659,0,0,0,0,170,30727,792025,193,-,0,--V 1048576 --N 262144 --K 4 --init 4000000 --src hub --hub 0.5 --pins .4 --pdel .3 --pread .3 --ser 1,2026-09-28 16:02:55
SER-hub50-rw-K4,gtx-cons,2,5.8880,262144,11932,0,547175,186709,44521739.0,92930536.5,305.15,377.86,939.01,304.13,380.93,425441048,2752,3614,2915,2651,0,0,0,0,179,30702,791905,167,-,0,--V 1048576 --N 262144 --K 4 --init 4000000 --src hub --hub 0.5 --pins .4 --pdel .3 --pread .3 --ser 1,2026-09-28 16:02:55
SER-hub50-rw-K4,gtx-cons,3,6.8065,262144,11922,0,547176,186708,38513614.6,80389883.5,310.27,859.14,1182.72,310.27,892.93,425503456,2736,3614,2928,2644,0,0,0,0,175,30729,791943,162,-,0,--V 1048576 --N 262144 --K 4 --init 4000000 --src hub --hub 0.5 --pins .4 --pdel .3 --pread .3 --ser 1,2026-09-28 16:02:55
SER-hub50-rw-K4,gtx-cons,4,5.8604,262144,12000,0,547163,186721,44731783.7,93366916.6,304.13,376.83,939.01,304.13,378.88,425503432,2694,3684,2944,2678,0,0,0,0,167,30729,792075,160,-,0,--V 1048576 --N 262144 --K 4 --init 4000000 --src hub --hub 0.5 --pins .4 --pdel .3 --pread .3 --ser 1,2026-09-28 16:02:55
SER-hub50-rw-K4,2pl,-1,DNF>90000,,,,,,,,,,,,,,,,,,,,,,,,,,,,--V 1048576 --N 262144 --K 4 --init 4000000 --src hub --hub 0.5 --pins .4 --pdel .3 --pread .3 --ser 1,2026-09-28 16:04:25
SER-hub50-rw-K4,stm,0,1525.1814,156751,428101359,105393,282373,130055,102775.3,185140.6,683.01,1286.14,236104.70,159.74,494.59,81817696,0,0,0,0,0,0,3127289,424974070,3127289,0,0,0,-,0,--V 1048576 --N 262144 --K 4 --init 4000000 --src hub --hub 0.5 --pins .4 --pdel .3 --pread .3 --ser 1,2026-09-28 16:04:35
SER-hub50-rw-K4,stm,1,1172.5548,156837,427980736,105307,282620,130163,133756.6,241029.2,499.71,943.10,193812.48,120.83,340.99,81817696,0,0,0,0,0,0,3069076,424911660,3069076,0,0,0,-,0,--V 1048576 --N 262144 --K 4 --init 4000000 --src hub --hub 0.5 --pins .4 --pdel .3 --pread .3 --ser 1,2026-09-28 16:04:35
SER-hub50-rw-K4,stm,2,1113.4003,156788,428120648,105356,282480,130094,140819.1,253709.3,481.28,903.17,184904.70,114.69,359.42,81817696,0,0,0,0,0,0,3052682,425067966,3052682,0,0,0,-,0,--V 1048576 --N 262144 --K 4 --init 4000000 --src hub --hub 0.5 --pins .4 --pdel .3 --pread .3 --ser 1,2026-09-28 16:04:35
SER-hub50-rw-K4,stm,3,1112.2749,156896,427955980,105248,282724,130187,141058.7,254185.4,474.11,894.98,194093.06,114.69,344.06,81817696,0,0,0,0,0,0,3108377,424847603,3108377,0,0,0,-,0,--V 1048576 --N 262144 --K 4 --init 4000000 --src hub --hub 0.5 --pins .4 --pdel .3 --pread .3 --ser 1,2026-09-28 16:04:35
SER-hub50-rw-K4,stm,4,1115.1954,156858,427919299,105286,282605,130210,140655.2,253413.0,471.04,891.90,186280.96,115.71,342.02,81817696,0,0,0,0,0,0,3129443,424789856,3129443,0,0,0,-,0,--V 1048576 --N 262144 --K 4 --init 4000000 --src hub --hub 0.5 --pins .4 --pdel .3 --pread .3 --ser 1,2026-09-28 16:04:35
SER-hub50-rw-K4,stm-nodeg,0,5.2531,262144,25764,0,546530,187354,49902534.6,104039124.5,407.55,1079.30,1455.10,289.79,988.16,81817696,0,0,0,0,0,0,10,25754,10,0,0,0,-,0,--V 1048576 --N 262144 --K 4 --init 4000000 --src hub --hub 0.5 --pins .4 --pdel .3 --pread .3 --ser 1,2026-09-28 16:04:37
SER-hub50-rw-K4,stm-nodeg,1,4.6060,262144,25734,0,546543,187341,56914186.7,118660165.2,390.14,783.36,1190.91,282.62,623.62,81817696,0,0,0,0,0,0,13,25721,13,0,0,0,-,0,--V 1048576 --N 262144 --K 4 --init 4000000 --src hub --hub 0.5 --pins .4 --pdel .3 --pread .3 --ser 1,2026-09-28 16:04:37
SER-hub50-rw-K4,stm-nodeg,2,5.2367,262144,25877,0,546547,187337,50058664.2,104367877.0,403.46,1120.26,1554.43,286.72,1031.17,81817696,0,0,0,0,0,0,15,25862,15,0,0,0,-,0,--V 1048576 --N 262144 --K 4 --init 4000000 --src hub --hub 0.5 --pins .4 --pdel .3 --pread .3 --ser 1,2026-09-28 16:04:37
SER-hub50-rw-K4,stm-nodeg,3,4.6080,262144,25984,0,546525,187359,56888891.3,118603520.7,391.17,783.36,1192.96,281.60,656.38,81817696,0,0,0,0,0,0,7,25977,7,0,0,0,-,0,--V 1048576 --N 262144 --K 4 --init 4000000 --src hub --hub 0.5 --pins .4 --pdel .3 --pread .3 --ser 1,2026-09-28 16:04:37
SER-hub50-rw-K4,stm-nodeg,4,5.1681,262144,25819,0,546572,187312,50723201.8,105758216.2,391.17,807.94,1232.90,284.67,656.38,81817696,0,0,0,0,0,0,17,25802,17,0,0,0,-,0,--V 1048576 --N 262144 --K 4 --init 4000000 --src hub --hub 0.5 --pins .4 --pdel .3 --pread .3 --ser 1,2026-09-28 16:04:37
SI-hub50-rw-K4,gtx,0,4.6551,262144,5036,0,546341,187543,56313240.5,117363861.5,250.88,303.10,557.06,251.90,316.42,424277960,2206,2830,0,0,0,0,0,0,193,30318,494445,947,-,0,--V 1048576 --N 262144 --K 4 --init 4000000 --src hub --hub 0.5 --pins .4 --pdel .3 --pread .3,2026-09-28 16:04:39
SI-hub50-rw-K4,gtx,1,5.1589,262144,5043,0,546350,187534,50813813.2,105904109.4,250.88,301.06,712.70,250.88,316.42,424240640,2220,2823,0,0,0,0,0,0,197,30302,494428,937,-,0,--V 1048576 --N 262144 --K 4 --init 4000000 --src hub --hub 0.5 --pins .4 --pdel .3 --pread .3,2026-09-28 16:04:39
SI-hub50-rw-K4,gtx,2,5.1948,262144,5033,0,546340,187544,50463234.6,105171522.6,252.93,785.41,840.70,254.98,830.46,424242896,2179,2854,0,0,0,0,0,0,181,30303,494389,940,-,0,--V 1048576 --N 262144 --K 4 --init 4000000 --src hub --hub 0.5 --pins .4 --pdel .3 --pread .3,2026-09-28 16:04:39
SI-hub50-rw-K4,gtx,3,5.2183,262144,5013,0,546327,187557,50235477.3,104694357.3,253.95,787.46,843.78,254.98,837.63,424231056,2222,2791,0,0,0,0,0,0,193,30298,494330,949,-,0,--V 1048576 --N 262144 --K 4 --init 4000000 --src hub --hub 0.5 --pins .4 --pdel .3 --pread .3,2026-09-28 16:04:39
SI-hub50-rw-K4,gtx,4,5.1948,262144,4994,0,546327,187557,50463234.6,105169020.1,251.90,786.43,842.75,251.90,839.68,424233240,2212,2782,0,0,0,0,0,0,202,30299,494343,929,-,0,--V 1048576 --N 262144 --K 4 --init 4000000 --src hub --hub 0.5 --pins .4 --pdel .3 --pread .3,2026-09-28 16:04:39
SI-hub50-rw-K4,gtx-cons,0,4.7964,262144,7351,0,546342,187542,54654144.0,113906304.6,249.86,303.10,713.73,249.86,313.34,424963544,2224,2749,2378,0,0,0,0,0,209,30512,781196,951,-,0,--V 1048576 --N 262144 --K 4 --init 4000000 --src hub --hub 0.5 --pins .4 --pdel .3 --pread .3,2026-09-28 16:04:41
SI-hub50-rw-K4,gtx-cons,1,4.7032,262144,7348,0,546327,187557,55736993.3,116159913.4,249.86,305.15,718.85,249.86,315.39,424968024,2185,2785,2378,0,0,0,0,0,211,30517,781277,895,-,0,--V 1048576 --N 262144 --K 4 --init 4000000 --src hub --hub 0.5 --pins .4 --pdel .3 --pread .3,2026-09-28 16:04:41
SI-hub50-rw-K4,gtx-cons,2,4.6828,262144,7415,0,546318,187566,55980755.0,116666008.5,248.83,302.08,713.73,248.83,316.42,424959016,2190,2808,2417,0,0,0,0,0,216,30510,781362,899,-,0,--V 1048576 --N 262144 --K 4 --init 4000000 --src hub --hub 0.5 --pins .4 --pdel .3 --pread .3,2026-09-28 16:04:41
SI-hub50-rw-K4,gtx-cons,3,5.2326,262144,7325,0,546307,187577,50097849.4,104403708.6,250.88,787.46,845.82,249.86,831.49,424934456,2166,2758,2401,0,0,0,0,0,198,30501,781115,903,-,0,--V 1048576 --N 262144 --K 4 --init 4000000 --src hub --hub 0.5 --pins .4 --pdel .3 --pread .3,2026-09-28 16:04:41
SI-hub50-rw-K4,gtx-cons,4,4.6653,262144,7407,0,546338,187546,56189637.2,117105613.7,247.81,300.03,715.78,248.83,309.25,424957280,2193,2817,2397,0,0,0,0,0,192,30511,781325,894,-,0,--V 1048576 --N 262144 --K 4 --init 4000000 --src hub --hub 0.5 --pins .4 --pdel .3 --pread .3,2026-09-28 16:04:41
zipf-readers50-K4-lanescan,gtx,0,2764.5256,262144,7214,0,509692,15772,94824.2,184368.7,96338.94,381998.08,526617.60,103721.98,510193.66,627485040,6197,1017,0,0,0,0,0,0,5,23272,544620,2913931,-,0,--V 1048576 --N 262144 --K 4 --init 4000000 --src zipf --zipf 1.0 --pins .5 --pdel .5 --ro 0.5 --roscan 0.1 --coopscan 0,2026-09-28 16:07:25
zipf-readers50-K4-lanescan,gtx,1,2532.1411,262144,6102,0,509717,15747,103526.6,201298.8,92736.51,353231.87,474390.53,98066.43,453329.92,627510288,5070,1032,0,0,0,0,0,0,5,23259,542138,2850491,-,0,--V 1048576 --N 262144 --K 4 --init 4000000 --src zipf --zipf 1.0 --pins .5 --pdel .5 --ro 0.5 --roscan 0.1 --coopscan 0,2026-09-28 16:07:25
zipf-readers50-K4-lanescan,gtx,2,2620.0730,262144,6093,0,509689,15775,100052.2,194532.4,93443.07,353990.66,486507.52,98425.86,458327.04,627014920,5121,972,0,0,0,0,0,0,6,23261,541137,2930891,-,0,--V 1048576 --N 262144 --K 4 --init 4000000 --src zipf --zipf 1.0 --pins .5 --pdel .5 --ro 0.5 --roscan 0.1 --coopscan 0,2026-09-28 16:07:25
zipf-readers50-K4-lanescan,gtx,3,2576.6716,262144,4838,0,509716,15748,101737.4,197819.5,92881.92,349527.04,484299.78,97844.22,455243.78,626629040,3784,1054,0,0,0,0,0,0,4,23252,537400,2905844,-,0,--V 1048576 --N 262144 --K 4 --init 4000000 --src zipf --zipf 1.0 --pins .5 --pdel .5 --ro 0.5 --roscan 0.1 --coopscan 0,2026-09-28 16:07:25
zipf-readers50-K4-lanescan,gtx,4,2477.4255,262144,7049,0,509698,15766,105813.1,205737.0,89899.01,348135.42,472359.94,97339.39,445096.96,628373096,5994,1055,0,0,0,0,0,0,6,23273,542479,2843621,-,0,--V 1048576 --N 262144 --K 4 --init 4000000 --src zipf --zipf 1.0 --pins .5 --pdel .5 --ro 0.5 --roscan 0.1 --coopscan 0,2026-09-28 16:07:25
zipf-readers50-K4-lanescan,gtx-cons,0,2526.3789,262144,9769,0,509689,15775,103762.7,201746.9,89918.46,354644.99,517524.48,95349.76,453677.06,631431080,4067,1035,4667,0,0,0,0,0,5,23359,576873,2875107,-,0,--V 1048576 --N 262144 --K 4 --init 4000000 --src zipf --zipf 1.0 --pins .5 --pdel .5 --ro 0.5 --roscan 0.1 --coopscan 0,2026-09-28 16:07:44
zipf-readers50-K4-lanescan,gtx-cons,1,2478.4097,262144,11807,0,509684,15780,105771.1,205649.6,86033.41,347518.98,483961.86,93855.74,428664.83,631121832,4709,1023,6075,0,0,0,0,0,6,23342,577472,2917808,-,0,--V 1048576 --N 262144 --K 4 --init 4000000 --src zipf --zipf 1.0 --pins .5 --pdel .5 --ro 0.5 --roscan 0.1 --coopscan 0,2026-09-28 16:07:44
zipf-readers50-K4-lanescan,gtx-cons,2,2487.5120,262144,13744,0,509683,15781,105384.0,204896.7,88914.94,350018.56,501075.97,94940.16,436760.58,630441200,5905,1038,6801,0,0,0,0,0,6,23366,582837,2922161,-,0,--V 1048576 --N 262144 --K 4 --init 4000000 --src zipf --zipf 1.0 --pins .5 --pdel .5 --ro 0.5 --roscan 0.1 --coopscan 0,2026-09-28 16:07:44
zipf-readers50-K4-lanescan,gtx-cons,3,2507.4841,262144,10933,0,509698,15766,104544.6,203270.7,87808.00,349876.22,497085.44,95643.65,430146.56,630341144,5658,1038,4237,0,0,0,0,0,5,23342,577843,2943269,-,0,--V 1048576 --N 262144 --K 4 --init 4000000 --src zipf --zipf 1.0 --pins .5 --pdel .5 --ro 0.5 --roscan 0.1 --coopscan 0,2026-09-28 16:07:44
zipf-readers50-K4-lanescan,gtx-cons,4,2484.3889,262144,14700,0,509676,15788,105516.5,205151.5,84963.33,347783.17,500719.62,92814.34,444745.73,629605008,5339,1051,8310,0,0,0,0,0,5,23334,582956,2906601,-,0,--V 1048576 --N 262144 --K 4 --init 4000000 --src zipf --zipf 1.0 --pins .5 --pdel .5 --ro 0.5 --roscan 0.1 --coopscan 0,2026-09-28 16:07:44
uniform-readers50-K4-lanescan,gtx,0,5.6463,262144,1780,0,517188,8276,46427275.4,91597098.2,266.24,781.31,845.82,264.19,836.61,477804032,701,1079,0,0,0,0,0,0,100,31317,561733,829,-,0,--V 1048576 --N 262144 --K 4 --init 4000000 --pins .5 --pdel .5 --ro 0.5 --roscan 0.1 --coopscan 0,2026-09-28 16:07:47
uniform-readers50-K4-lanescan,gtx,1,4.6961,262144,1798,0,517191,8273,55822067.2,110132868.8,259.07,311.30,508.93,257.02,326.66,477820528,715,1083,0,0,0,0,0,0,89,31324,561797,841,-,0,--V 1048576 --N 262144 --K 4 --init 4000000 --pins .5 --pdel .5 --ro 0.5 --roscan 0.1 --coopscan 0,2026-09-28 16:07:47
uniform-readers50-K4-lanescan,gtx,2,5.6279,262144,1786,0,517201,8263,46579330.9,91899400.9,265.22,786.43,852.99,263.17,840.70,477748016,709,1077,0,0,0,0,0,0,110,31293,561670,829,-,0,--V 1048576 --N 262144 --K 4 --init 4000000 --pins .5 --pdel .5 --ro 0.5 --roscan 0.1 --coopscan 0,2026-09-28 16:07:47
uniform-readers50-K4-lanescan,gtx,3,4.7022,262144,1777,0,517195,8269,55749128.4,109989816.6,259.07,310.27,512.00,257.02,325.63,477766632,707,1070,0,0,0,0,0,0,102,31301,561681,840,-,0,--V 1048576 --N 262144 --K 4 --init 4000000 --pins .5 --pdel .5 --ro 0.5 --roscan 0.1 --coopscan 0,2026-09-28 16:07:47
uniform-readers50-K4-lanescan,gtx,4,5.2685,262144,1772,0,517202,8262,49757047.3,98169114.7,261.12,799.74,856.06,260.10,849.92,477757248,712,1060,0,0,0,0,0,0,99,31297,561691,860,-,0,--V 1048576 --N 262144 --K 4 --init 4000000 --pins .5 --pdel .5 --ro 0.5 --roscan 0.1 --coopscan 0,2026-09-28 16:07:47
uniform-readers50-K4-lanescan,gtx-cons,0,5.0954,262144,3235,0,517174,8290,51446943.6,101497732.5,262.14,622.59,757.76,259.07,664.58,481701152,691,1075,1469,0,0,0,0,0,97,32174,566703,837,-,0,--V 1048576 --N 262144 --K 4 --init 4000000 --pins .5 --pdel .5 --ro 0.5 --roscan 0.1 --coopscan 0,2026-09-28 16:07:49
uniform-readers50-K4-lanescan,gtx-cons,1,4.7268,262144,3233,0,517186,8278,55459269.4,109416037.4,259.07,315.39,723.97,257.02,325.63,481626704,710,1078,1445,0,0,0,0,0,96,32125,566658,836,-,0,--V 1048576 --N 262144 --K 4 --init 4000000 --pins .5 --pdel .5 --ro 0.5 --roscan 0.1 --coopscan 0,2026-09-28 16:07:49
uniform-readers50-K4-lanescan,gtx-cons,2,5.1456,262144,3234,0,517171,8293,50945275.2,100507426.9,261.12,622.59,758.78,259.07,665.60,481642656,696,1082,1456,0,0,0,0,0,90,32150,566680,845,-,0,--V 1048576 --N 262144 --K 4 --init 4000000 --pins .5 --pdel .5 --ro 0.5 --roscan 0.1 --coopscan 0,2026-09-28 16:07:49
uniform-readers50-K4-lanescan,gtx-cons,3,4.7258,262144,3287,0,517190,8274,55471289.5,109440598.3,259.07,314.37,727.04,257.02,325.63,481720320,698,1106,1483,0,0,0,0,0,90,32167,566850,836,-,0,--V 1048576 --N 262144 --K 4 --init 4000000 --pins .5 --pdel .5 --ro 0.5 --roscan 0.1 --coopscan 0,2026-09-28 16:07:49
uniform-readers50-K4-lanescan,gtx-cons,4,4.7053,262144,3241,0,517189,8275,55712733.3,109916735.9,259.07,315.39,716.80,257.02,323.58,481645160,720,1059,1462,0,0,0,0,0,101,32135,566702,832,-,0,--V 1048576 --N 262144 --K 4 --init 4000000 --pins .5 --pdel .5 --ro 0.5 --roscan 0.1 --coopscan 0,2026-09-28 16:07:49
rmat-readers90-K4-lanescan,gtx,0,182.8311,262144,106,0,104366,382,1433804.2,570832.9,5491.71,25007.10,38565.89,5613.57,38839.30,489527744,52,54,0,0,0,0,0,0,0,2869,107926,76908,-,0,--V 1048576 --N 262144 --K 4 --init 4000000 --src rmat --pins .5 --pdel .5 --ro 0.9 --roscan 0.1 --coopscan 0,2026-09-28 16:07:53
rmat-readers90-K4-lanescan,gtx,1,188.1849,262144,74,0,104363,385,1393012.8,554576.8,5623.81,25768.96,40606.72,5723.14,40606.72,489527488,31,43,0,0,0,0,0,0,1,2869,107803,77763,-,0,--V 1048576 --N 262144 --K 4 --init 4000000 --src rmat --pins .5 --pdel .5 --ro 0.9 --roscan 0.1 --coopscan 0,2026-09-28 16:07:53
rmat-readers90-K4-lanescan,gtx,2,189.5311,262144,85,0,104363,385,1383118.3,550637.7,5579.78,26022.91,39894.02,5722.11,40355.84,489522904,40,45,0,0,0,0,0,0,0,2867,107819,78681,-,0,--V 1048576 --N 262144 --K 4 --init 4000000 --src rmat --pins .5 --pdel .5 --ro 0.9 --roscan 0.1 --coopscan 0,2026-09-28 16:07:53
rmat-readers90-K4-lanescan,gtx,3,186.8616,262144,102,0,104365,383,1402878.1,558515.0,5581.82,24954.88,40211.46,5745.66,40143.87,489530048,51,51,0,0,0,0,0,0,0,2870,107905,77442,-,0,--V 1048576 --N 262144 --K 4 --init 4000000 --src rmat --pins .5 --pdel .5 --ro 0.9 --roscan 0.1 --coopscan 0,2026-09-28 16:07:53
rmat-readers90-K4-lanescan,gtx,4,192.7158,262144,104,0,104367,381,1360262.3,541559.2,5678.08,26566.66,39407.62,5801.98,39483.39,489523056,58,46,0,0,0,0,0,0,0,2867,107905,79424,-,0,--V 1048576 --N 262144 --K 4 --init 4000000 --src rmat --pins .5 --pdel .5 --ro 0.9 --roscan 0.1 --coopscan 0,2026-09-28 16:07:53
rmat-readers90-K4-lanescan,gtx-cons,0,188.7038,262144,263,0,104366,382,1389182.8,553068.0,5588.99,26187.78,39556.10,5713.92,39297.02,493352160,62,43,158,0,0,0,0,0,0,2904,108334,79180,-,0,--V 1048576 --N 262144 --K 4 --init 4000000 --src rmat --pins .5 --pdel .5 --ro 0.9 --roscan 0.1 --coopscan 0,2026-09-28 16:07:57
rmat-readers90-K4-lanescan,gtx-cons,1,187.5773,262144,281,0,104365,383,1397524.8,556383.8,5628.93,26859.52,39761.92,5746.69,40074.24,493797440,47,41,193,0,0,0,0,0,0,2906,108299,77380,-,0,--V 1048576 --N 262144 --K 4 --init 4000000 --src rmat --pins .5 --pdel .5 --ro 0.9 --roscan 0.1 --coopscan 0,2026-09-28 16:07:57
rmat-readers90-K4-lanescan,gtx-cons,2,186.1611,262144,168,0,104368,380,1408156.3,560632.6,5617.66,27265.02,40024.06,5743.62,39801.86,493623824,32,53,83,0,0,0,0,0,1,2900,108125,77487,-,0,--V 1048576 --N 262144 --K 4 --init 4000000 --src rmat --pins .5 --pdel .5 --ro 0.9 --roscan 0.1 --coopscan 0,2026-09-28 16:07:57
rmat-readers90-K4-lanescan,gtx-cons,3,190.2387,262144,277,0,104362,386,1377973.9,548584.4,5686.27,27022.34,40653.82,5799.94,40254.46,493516600,59,41,177,0,0,0,0,0,0,2903,108295,78229,-,0,--V 1048576 --N 262144 --K 4 --init 4000000 --src rmat --pins .5 --pdel .5 --ro 0.9 --roscan 0.1 --coopscan 0,2026-09-28 16:07:57
rmat-readers90-K4-lanescan,gtx-cons,4,189.7298,262144,304,0,104368,380,1381670.2,550087.6,5691.39,26444.80,40333.31,5770.24,40333.31,493665736,66,52,186,0,0,0,0,0,0,2906,108269,78442,-,0,--V 1048576 --N 262144 --K 4 --init 4000000 --src rmat --pins .5 --pdel .5 --ro 0.9 --roscan 0.1 --coopscan 0,2026-09-28 16:07:57
zipf-readers50-K4-roCoop,gtx,0,444.2880,262144,2513,0,509709,15755,590031.7,1147249.2,16407.55,65497.09,93668.35,17275.90,91070.46,625787912,1474,1039,0,0,0,0,0,0,6,23252,531271,126862,-,0,--V 1048576 --N 262144 --K 4 --init 4000000 --src zipf --zipf 1.0 --pins .5 --pdel .5 --ro 0.5 --roscan 0.1 --blcoop 1,2026-09-28 16:28:58
zipf-readers50-K4-roCoop,gtx,1,432.3205,262144,2530,0,509702,15762,606364.9,1178991.0,16430.08,63045.63,92027.90,17203.20,90302.46,625902832,1502,1028,0,0,0,0,0,0,8,23239,531449,124312,-,0,--V 1048576 --N 262144 --K 4 --init 4000000 --src zipf --zipf 1.0 --pins .5 --pdel .5 --ro 0.5 --roscan 0.1 --blcoop 1,2026-09-28 16:28:58
zipf-readers50-K4-roCoop,gtx,2,431.9887,262144,2564,0,509691,15773,606830.6,1179871.0,16149.50,63210.50,91293.70,17103.87,89940.99,626099424,1551,1013,0,0,0,0,0,0,7,23254,531561,121024,-,0,--V 1048576 --N 262144 --K 4 --init 4000000 --src zipf --zipf 1.0 --pins .5 --pdel .5 --ro 0.5 --roscan 0.1 --blcoop 1,2026-09-28 16:28:58
zipf-readers50-K4-roCoop,gtx,3,444.4242,262144,2635,0,509708,15756,589850.9,1146895.3,15713.28,63825.92,92637.18,16913.41,89338.88,626026360,1588,1047,0,0,0,0,0,0,4,23257,531746,130757,-,0,--V 1048576 --N 262144 --K 4 --init 4000000 --src zipf --zipf 1.0 --pins .5 --pdel .5 --ro 0.5 --roscan 0.1 --blcoop 1,2026-09-28 16:28:58
zipf-readers50-K4-roCoop,gtx,4,442.3311,262144,2376,0,509690,15774,592642.0,1152281.5,16180.22,63806.46,94101.50,17015.81,91498.50,626010048,1366,1010,0,0,0,0,0,0,7,23244,530953,124101,-,0,--V 1048576 --N 262144 --K 4 --init 4000000 --src zipf --zipf 1.0 --pins .5 --pdel .5 --ro 0.5 --roscan 0.1 --blcoop 1,2026-09-28 16:28:58
zipf-readers50-K4-roCoop,gtx-cons,0,436.6418,262144,4867,0,509692,15772,600364.0,1167300.1,16668.67,64526.34,94623.74,17204.22,88095.74,629125408,1488,1028,2351,0,0,0,0,0,5,23330,561971,121144,-,0,--V 1048576 --N 262144 --K 4 --init 4000000 --src zipf --zipf 1.0 --pins .5 --pdel .5 --ro 0.5 --roscan 0.1 --blcoop 1,2026-09-28 16:29:03
zipf-readers50-K4-roCoop,gtx-cons,1,448.3215,262144,5359,0,509684,15780,584723.2,1136871.6,15447.04,65463.30,97024.00,16681.98,90037.25,629151728,1599,1018,2742,0,0,0,0,0,7,23339,563367,133670,-,0,--V 1048576 --N 262144 --K 4 --init 4000000 --src zipf --zipf 1.0 --pins .5 --pdel .5 --ro 0.5 --roscan 0.1 --blcoop 1,2026-09-28 16:29:03
zipf-readers50-K4-roCoop,gtx-cons,2,439.0236,262144,4945,0,509690,15774,597106.8,1160962.6,15835.14,65374.21,95494.14,16848.90,88285.18,629468424,1474,1012,2459,0,0,0,0,0,5,23325,562495,127664,-,0,--V 1048576 --N 262144 --K 4 --init 4000000 --src zipf --zipf 1.0 --pins .5 --pdel .5 --ro 0.5 --roscan 0.1 --blcoop 1,2026-09-28 16:29:03
zipf-readers50-K4-roCoop,gtx-cons,3,438.6949,262144,4913,0,509695,15769,597554.2,1161843.9,16011.26,65292.29,98270.21,16843.78,92172.29,628971160,1311,990,2612,0,0,0,0,0,6,23314,562079,127656,-,0,--V 1048576 --N 262144 --K 4 --init 4000000 --src zipf --zipf 1.0 --pins .5 --pdel .5 --ro 0.5 --roscan 0.1 --blcoop 1,2026-09-28 16:29:03
zipf-readers50-K4-roCoop,gtx-cons,4,439.3656,262144,4965,0,509690,15774,596642.0,1160058.9,15969.28,65362.94,97867.78,16641.02,92085.25,629225376,1296,1006,2663,0,0,0,0,0,6,23311,562642,126040,-,0,--V 1048576 --N 262144 --K 4 --init 4000000 --src zipf --zipf 1.0 --pins .5 --pdel .5 --ro 0.5 --roscan 0.1 --blcoop 1,2026-09-28 16:29:03
zipf-readers50-K4-roCoop,2pl,-1,DNF>120000,,,,,,,,,,,,,,,,,,,,,,,,,,,,--V 1048576 --N 262144 --K 4 --init 4000000 --src zipf --zipf 1.0 --pins .5 --pdel .5 --ro 0.5 --roscan 0.1 --blcoop 1,2026-09-28 16:31:04
zipf-readers50-K4-roCoop,stm,-1,DNF>120000,,,,,,,,,,,,,,,,,,,,,,,,,,,,--V 1048576 --N 262144 --K 4 --init 4000000 --src zipf --zipf 1.0 --pins .5 --pdel .5 --ro 0.5 --roscan 0.1 --blcoop 1,2026-09-28 16:33:04
zipf-readers50-K4-roCoop,stm-nodeg,-1,DNF>120000,,,,,,,,,,,,,,,,,,,,,,,,,,,,--V 1048576 --N 262144 --K 4 --init 4000000 --src zipf --zipf 1.0 --pins .5 --pdel .5 --ro 0.5 --roscan 0.1 --blcoop 1,2026-09-28 16:35:04
zipf-readers50-K4-roCoop,nontx,0,223.3815,262144,0,0,510040,15424,1173526.0,2283268.8,26.62,98.30,123.90,12846.08,52281.34,99717856,0,0,0,0,0,0,0,0,0,0,0,0,-,0,--V 1048576 --N 262144 --K 4 --init 4000000 --src zipf --zipf 1.0 --pins .5 --pdel .5 --ro 0.5 --roscan 0.1 --blcoop 1,2026-09-28 16:35:07
zipf-readers50-K4-roCoop,nontx,1,214.1983,262144,0,0,510043,15421,1223838.1,2381172.3,25.60,100.35,123.90,12294.14,50161.66,99717856,0,0,0,0,0,0,0,0,0,0,0,0,-,0,--V 1048576 --N 262144 --K 4 --init 4000000 --src zipf --zipf 1.0 --pins .5 --pdel .5 --ro 0.5 --roscan 0.1 --blcoop 1,2026-09-28 16:35:07
zipf-readers50-K4-roCoop,nontx,2,212.2496,262144,0,0,510042,15422,1235074.2,2403029.2,25.60,101.38,124.93,12212.22,50071.55,99717856,0,0,0,0,0,0,0,0,0,0,0,0,-,0,--V 1048576 --N 262144 --K 4 --init 4000000 --src zipf --zipf 1.0 --pins .5 --pdel .5 --ro 0.5 --roscan 0.1 --blcoop 1,2026-09-28 16:35:07
zipf-readers50-K4-roCoop,nontx,3,205.8240,262144,0,0,510043,15421,1273631.8,2478054.0,25.60,102.40,125.95,12000.26,49048.58,99717856,0,0,0,0,0,0,0,0,0,0,0,0,-,0,--V 1048576 --N 262144 --K 4 --init 4000000 --src zipf --zipf 1.0 --pins .5 --pdel .5 --ro 0.5 --roscan 0.1 --blcoop 1,2026-09-28 16:35:07
zipf-readers50-K4-roCoop,nontx,4,208.8100,262144,0,0,510041,15423,1255418.9,2442608.3,24.58,99.33,122.88,11883.52,48387.07,99717856,0,0,0,0,0,0,0,0,0,0,0,0,-,0,--V 1048576 --N 262144 --K 4 --init 4000000 --src zipf --zipf 1.0 --pins .5 --pdel .5 --ro 0.5 --roscan 0.1 --blcoop 1,2026-09-28 16:35:07
uniform-readers50-K4-roCoop,gtx,0,4.4052,262144,1792,0,517188,8276,59507203.7,117402693.5,243.71,290.82,480.26,241.66,304.13,477773760,701,1091,0,0,0,0,0,0,98,31304,561773,748,-,0,--V 1048576 --N 262144 --K 4 --init 4000000 --pins .5 --pdel .5 --ro 0.5 --roscan 0.1 --blcoop 1,2026-09-28 16:35:10
uniform-readers50-K4-roCoop,gtx,1,4.4370,262144,1786,0,517191,8273,59081465.6,116563424.1,243.71,291.84,481.28,241.66,305.15,477776048,717,1069,0,0,0,0,0,0,97,31305,561768,753,-,0,--V 1048576 --N 262144 --K 4 --init 4000000 --pins .5 --pdel .5 --ro 0.5 --roscan 0.1 --blcoop 1,2026-09-28 16:35:10
uniform-readers50-K4-roCoop,gtx,2,4.9940,262144,1766,0,517184,8280,52491284.4,103560075.5,246.78,783.36,841.73,244.74,835.58,477722160,710,1056,0,0,0,0,0,0,107,31282,561657,741,-,0,--V 1048576 --N 262144 --K 4 --init 4000000 --pins .5 --pdel .5 --ro 0.5 --roscan 0.1 --blcoop 1,2026-09-28 16:35:10
uniform-readers50-K4-roCoop,gtx,3,4.8015,262144,1775,0,517189,8275,54595861.7,107713238.2,245.76,605.18,667.65,244.74,648.19,477752600,719,1056,0,0,0,0,0,0,111,31295,561722,745,-,0,--V 1048576 --N 262144 --K 4 --init 4000000 --pins .5 --pdel .5 --ro 0.5 --roscan 0.1 --blcoop 1,2026-09-28 16:35:10
uniform-readers50-K4-roCoop,gtx,4,4.4605,262144,1764,0,517189,8275,58769511.9,115947513.9,244.74,290.82,478.21,242.69,305.15,477738496,709,1055,0,0,0,0,0,0,96,31289,561653,759,-,0,--V 1048576 --N 262144 --K 4 --init 4000000 --pins .5 --pdel .5 --ro 0.5 --roscan 0.1 --blcoop 1,2026-09-28 16:35:10
uniform-readers50-K4-roCoop,gtx-cons,0,4.4974,262144,3254,0,517180,8284,58287797.1,114995128.3,242.69,294.91,683.01,240.64,305.15,481649504,711,1083,1460,0,0,0,0,0,103,32150,566758,762,-,0,--V 1048576 --N 262144 --K 4 --init 4000000 --pins .5 --pdel .5 --ro 0.5 --roscan 0.1 --blcoop 1,2026-09-28 16:35:12
uniform-readers50-K4-roCoop,gtx-cons,1,4.4554,262144,3204,0,517171,8293,58837051.2,116076723.5,243.71,294.91,677.89,241.66,304.13,481553640,705,1056,1443,0,0,0,0,0,100,32112,566520,735,-,0,--V 1048576 --N 262144 --K 4 --init 4000000 --pins .5 --pdel .5 --ro 0.5 --roscan 0.1 --blcoop 1,2026-09-28 16:35:12
uniform-readers50-K4-roCoop,gtx-cons,2,4.4339,262144,3233,0,517184,8280,59122403.1,116642612.2,243.71,295.94,684.03,241.66,306.18,481640424,730,1026,1477,0,0,0,0,0,119,32141,566705,749,-,0,--V 1048576 --N 262144 --K 4 --init 4000000 --pins .5 --pdel .5 --ro 0.5 --roscan 0.1 --blcoop 1,2026-09-28 16:35:12
uniform-readers50-K4-roCoop,gtx-cons,3,4.4636,262144,3253,0,517172,8292,58729067.7,115863912.2,243.71,293.89,685.06,241.66,305.15,481689328,713,1066,1474,0,0,0,0,0,101,32165,566764,747,-,0,--V 1048576 --N 262144 --K 4 --init 4000000 --pins .5 --pdel .5 --ro 0.5 --roscan 0.1 --blcoop 1,2026-09-28 16:35:12
uniform-readers50-K4-roCoop,gtx-cons,4,5.0401,262144,3176,0,517179,8285,52011375.1,102612270.2,245.76,772.10,831.49,243.71,821.25,481586376,702,1047,1427,0,0,0,0,0,113,32120,566481,766,-,0,--V 1048576 --N 262144 --K 4 --init 4000000 --pins .5 --pdel .5 --ro 0.5 --roscan 0.1 --blcoop 1,2026-09-28 16:35:12
uniform-readers50-K4-roCoop,2pl,0,2.7689,262144,9,0,517288,8176,94674552.7,186821022.1,80.90,191.49,269.31,164.86,349.18,77361952,0,0,0,0,0,0,9,0,169230,0,0,0,-,0,--V 1048576 --N 262144 --K 4 --init 4000000 --pins .5 --pdel .5 --ro 0.5 --roscan 0.1 --blcoop 1,2026-09-28 16:35:14
uniform-readers50-K4-roCoop,2pl,1,2.7453,262144,11,0,517291,8173,95486761.3,188424843.8,80.90,189.44,265.22,164.86,344.06,77361952,0,0,0,0,0,0,11,0,169090,0,0,0,-,0,--V 1048576 --N 262144 --K 4 --init 4000000 --pins .5 --pdel .5 --ro 0.5 --roscan 0.1 --blcoop 1,2026-09-28 16:35:14
uniform-readers50-K4-roCoop,2pl,2,2.7648,262144,13,0,517296,8168,94814812.4,187100689.6,80.90,188.42,264.19,164.86,347.14,77361952,0,0,0,0,0,0,13,0,169131,0,0,0,-,0,--V 1048576 --N 262144 --K 4 --init 4000000 --pins .5 --pdel .5 --ro 0.5 --roscan 0.1 --blcoop 1,2026-09-28 16:35:14
uniform-readers50-K4-roCoop,2pl,3,2.7525,262144,10,0,517299,8165,95238096.0,187937056.8,80.90,189.44,264.19,164.86,352.26,77361952,0,0,0,0,0,0,10,0,168904,0,0,0,-,0,--V 1048576 --N 262144 --K 4 --init 4000000 --pins .5 --pdel .5 --ro 0.5 --roscan 0.1 --blcoop 1,2026-09-28 16:35:14
uniform-readers50-K4-roCoop,2pl,4,2.7924,262144,6,0,517290,8174,93876052.8,185246060.8,80.90,190.46,266.24,164.86,354.30,77361952,0,0,0,0,0,0,6,0,169697,0,0,0,-,0,--V 1048576 --N 262144 --K 4 --init 4000000 --pins .5 --pdel .5 --ro 0.5 --roscan 0.1 --blcoop 1,2026-09-28 16:35:14
uniform-readers50-K4-roCoop,stm,0,8.8310,262144,44733,0,517270,8194,29684602.7,58574502.7,402.43,824.32,1075.20,516.10,1074.18,77361952,0,0,0,0,0,0,1271,43462,1271,0,0,0,-,0,--V 1048576 --N 262144 --K 4 --init 4000000 --pins .5 --pdel .5 --ro 0.5 --roscan 0.1 --blcoop 1,2026-09-28 16:35:16
uniform-readers50-K4-roCoop,stm,1,9.0767,262144,44741,0,517274,8190,28880865.0,56988985.3,402.43,940.03,1259.52,518.14,1253.38,77361952,0,0,0,0,0,0,1228,43513,1228,0,0,0,-,0,--V 1048576 --N 262144 --K 4 --init 4000000 --pins .5 --pdel .5 --ro 0.5 --roscan 0.1 --blcoop 1,2026-09-28 16:35:16
uniform-readers50-K4-roCoop,stm,2,8.8136,262144,44661,0,517268,8196,29743231.9,58689964.5,402.43,820.22,1075.20,515.07,1074.18,77361952,0,0,0,0,0,0,1312,43349,1312,0,0,0,-,0,--V 1048576 --N 262144 --K 4 --init 4000000 --pins .5 --pdel .5 --ro 0.5 --roscan 0.1 --blcoop 1,2026-09-28 16:35:16
uniform-readers50-K4-roCoop,stm,3,9.0204,262144,44740,0,517269,8195,29061186.6,57344249.4,400.38,893.95,1196.03,517.12,1204.22,77361952,0,0,0,0,0,0,1267,43473,1267,0,0,0,-,0,--V 1048576 --N 262144 --K 4 --init 4000000 --pins .5 --pdel .5 --ro 0.5 --roscan 0.1 --blcoop 1,2026-09-28 16:35:16
uniform-readers50-K4-roCoop,stm,4,9.0634,262144,44962,0,517263,8201,28923285.2,57071476.9,401.41,1032.19,1332.22,518.14,1324.03,77361952,0,0,0,0,0,0,1253,43709,1253,0,0,0,-,0,--V 1048576 --N 262144 --K 4 --init 4000000 --pins .5 --pdel .5 --ro 0.5 --roscan 0.1 --blcoop 1,2026-09-28 16:35:16
uniform-readers50-K4-roCoop,stm-nodeg,0,4.9377,262144,15825,0,517292,8172,53090004.9,104763163.9,214.02,738.30,889.86,308.22,971.78,77361952,0,0,0,0,0,0,61,15764,61,0,0,0,-,0,--V 1048576 --N 262144 --K 4 --init 4000000 --pins .5 --pdel .5 --ro 0.5 --roscan 0.1 --blcoop 1,2026-09-28 16:35:18
uniform-readers50-K4-roCoop,stm-nodeg,1,4.7299,262144,15828,0,517295,8169,55423251.6,109368022.7,212.99,550.91,695.30,306.18,770.05,77361952,0,0,0,0,0,0,57,15771,57,0,0,0,-,0,--V 1048576 --N 262144 --K 4 --init 4000000 --pins .5 --pdel .5 --ro 0.5 --roscan 0.1 --blcoop 1,2026-09-28 16:35:18
uniform-readers50-K4-roCoop,stm-nodeg,2,4.7165,262144,15768,0,517291,8173,55579676.9,109675852.4,214.02,564.22,690.18,307.20,773.12,77361952,0,0,0,0,0,0,59,15709,59,0,0,0,-,0,--V 1048576 --N 262144 --K 4 --init 4000000 --pins .5 --pdel .5 --ro 0.5 --roscan 0.1 --blcoop 1,2026-09-28 16:35:18
uniform-readers50-K4-roCoop,stm-nodeg,3,4.3336,262144,15785,0,517295,8169,60491492.0,119369302.3,208.90,345.09,416.77,301.06,450.56,77361952,0,0,0,0,0,0,57,15728,57,0,0,0,-,0,--V 1048576 --N 262144 --K 4 --init 4000000 --pins .5 --pdel .5 --ro 0.5 --roscan 0.1 --blcoop 1,2026-09-28 16:35:18
uniform-readers50-K4-roCoop,stm-nodeg,4,4.3284,262144,15761,0,517293,8171,60563049.6,119510046.5,208.90,346.11,415.74,301.06,449.54,77361952,0,0,0,0,0,0,61,15700,61,0,0,0,-,0,--V 1048576 --N 262144 --K 4 --init 4000000 --pins .5 --pdel .5 --ro 0.5 --roscan 0.1 --blcoop 1,2026-09-28 16:35:18
uniform-readers50-K4-roCoop,nontx,0,1.6660,262144,0,0,517196,8268,157344801.7,310432823.4,57.34,130.05,159.74,117.76,222.21,77361952,0,0,0,0,0,0,0,0,0,0,0,0,-,0,--V 1048576 --N 262144 --K 4 --init 4000000 --pins .5 --pdel .5 --ro 0.5 --roscan 0.1 --blcoop 1,2026-09-28 16:35:20
uniform-readers50-K4-roCoop,nontx,1,1.6538,262144,0,0,517198,8266,158513936.1,312740672.0,57.34,123.90,152.58,117.76,214.02,77361952,0,0,0,0,0,0,0,0,0,0,0,0,-,0,--V 1048576 --N 262144 --K 4 --init 4000000 --pins .5 --pdel .5 --ro 0.5 --roscan 0.1 --blcoop 1,2026-09-28 16:35:20
uniform-readers50-K4-roCoop,nontx,2,1.6497,262144,0,0,517202,8262,158907506.6,313519593.1,57.34,122.88,151.55,117.76,212.99,77361952,0,0,0,0,0,0,0,0,0,0,0,0,-,0,--V 1048576 --N 262144 --K 4 --init 4000000 --pins .5 --pdel .5 --ro 0.5 --roscan 0.1 --blcoop 1,2026-09-28 16:35:20
uniform-readers50-K4-roCoop,nontx,3,1.6609,262144,0,0,517196,8268,157829838.7,311389775.2,57.34,122.88,151.55,117.76,212.99,77361952,0,0,0,0,0,0,0,0,0,0,0,0,-,0,--V 1048576 --N 262144 --K 4 --init 4000000 --pins .5 --pdel .5 --ro 0.5 --roscan 0.1 --blcoop 1,2026-09-28 16:35:20
uniform-readers50-K4-roCoop,nontx,4,1.6609,262144,0,0,517199,8265,157829838.7,311391581.4,57.34,123.90,153.60,117.76,216.06,77361952,0,0,0,0,0,0,0,0,0,0,0,0,-,0,--V 1048576 --N 262144 --K 4 --init 4000000 --pins .5 --pdel .5 --ro 0.5 --roscan 0.1 --blcoop 1,2026-09-28 16:35:20
rmat-readers90-K4-roCoop,gtx,0,14.7139,262144,83,0,104369,379,17816132.3,7093246.1,642.05,1730.56,2390.02,647.17,2372.61,489527560,41,42,0,0,0,0,0,0,1,2869,107826,4495,-,0,--V 1048576 --N 262144 --K 4 --init 4000000 --src rmat --pins .5 --pdel .5 --ro 0.9 --roscan 0.1 --blcoop 1,2026-09-28 16:35:23
rmat-readers90-K4-roCoop,gtx,1,15.0303,262144,89,0,104370,378,17441068.8,6943986.3,640.00,1759.23,2459.65,645.12,2459.65,489527608,37,52,0,0,0,0,0,0,1,2869,107845,4563,-,0,--V 1048576 --N 262144 --K 4 --init 4000000 --src rmat --pins .5 --pdel .5 --ro 0.9 --roscan 0.1 --blcoop 1,2026-09-28 16:35:23
rmat-readers90-K4-roCoop,gtx,2,15.3559,262144,84,0,104369,379,17071219.4,6796669.4,658.43,1764.35,2497.54,664.58,2492.42,489525232,34,50,0,0,0,0,0,0,3,2868,107825,4505,-,0,--V 1048576 --N 262144 --K 4 --init 4000000 --src rmat --pins .5 --pdel .5 --ro 0.9 --roscan 0.1 --blcoop 1,2026-09-28 16:35:23
rmat-readers90-K4-roCoop,gtx,3,15.4020,262144,87,0,104370,378,17020144.7,6776399.6,665.60,1753.09,2489.34,669.70,2484.22,489525256,41,46,0,0,0,0,0,0,2,2868,107848,4540,-,0,--V 1048576 --N 262144 --K 4 --init 4000000 --src rmat --pins .5 --pdel .5 --ro 0.9 --roscan 0.1 --blcoop 1,2026-09-28 16:35:23
rmat-readers90-K4-roCoop,gtx,4,15.4685,262144,76,0,104371,377,16946908.5,6747306.0,646.14,1850.37,2534.40,651.26,2523.14,489522832,31,45,0,0,0,0,0,0,2,2867,107812,4585,-,0,--V 1048576 --N 262144 --K 4 --init 4000000 --src rmat --pins .5 --pdel .5 --ro 0.9 --roscan 0.1 --blcoop 1,2026-09-28 16:35:23
rmat-readers90-K4-roCoop,gtx-cons,0,15.8085,262144,165,0,104368,380,16582459.1,6602013.0,656.38,1853.44,2609.15,658.43,2581.50,493756720,33,42,90,0,0,0,0,0,1,2904,108111,4640,-,0,--V 1048576 --N 262144 --K 4 --init 4000000 --src rmat --pins .5 --pdel .5 --ro 0.9 --roscan 0.1 --blcoop 1,2026-09-28 16:35:26
rmat-readers90-K4-roCoop,gtx-cons,1,15.4921,262144,179,0,104370,378,16921144.9,6736983.8,653.31,1843.20,2546.69,651.26,2507.78,493508168,33,50,96,0,0,0,0,0,0,2904,108143,4598,-,0,--V 1048576 --N 262144 --K 4 --init 4000000 --src rmat --pins .5 --pdel .5 --ro 0.9 --roscan 0.1 --blcoop 1,2026-09-28 16:35:26
rmat-readers90-K4-roCoop,gtx-cons,2,14.8204,262144,178,0,104370,378,17688109.4,7042343.0,640.00,1743.87,2458.62,643.07,2419.71,493693384,40,50,88,0,0,0,0,0,3,2910,108152,4510,-,0,--V 1048576 --N 262144 --K 4 --init 4000000 --src rmat --pins .5 --pdel .5 --ro 0.9 --roscan 0.1 --blcoop 1,2026-09-28 16:35:26
rmat-readers90-K4-roCoop,gtx-cons,3,14.9842,262144,162,0,104370,378,17494703.9,6965340.6,634.88,1803.26,2512.90,644.10,2468.86,493477992,31,50,81,0,0,0,0,0,1,2902,108094,4492,-,0,--V 1048576 --N 262144 --K 4 --init 4000000 --src rmat --pins .5 --pdel .5 --ro 0.9 --roscan 0.1 --blcoop 1,2026-09-28 16:35:26
rmat-readers90-K4-roCoop,gtx-cons,4,15.2033,262144,169,0,104371,377,17242540.4,6865010.0,652.29,1807.36,2604.03,656.38,2523.14,493496808,40,52,77,0,0,0,0,0,0,2903,108123,4465,-,0,--V 1048576 --N 262144 --K 4 --init 4000000 --src rmat --pins .5 --pdel .5 --ro 0.9 --roscan 0.1 --blcoop 1,2026-09-28 16:35:26
rmat-readers90-K4-roCoop,2pl,0,226.0398,262144,700534,0,104367,381,1159724.9,461719.6,116.74,12260.35,122113.02,2031.62,77569.02,101502624,0,0,0,0,0,0,700534,0,8241518,0,0,0,-,0,--V 1048576 --N 262144 --K 4 --init 4000000 --src rmat --pins .5 --pdel .5 --ro 0.9 --roscan 0.1 --blcoop 1,2026-09-28 16:35:29
rmat-readers90-K4-roCoop,2pl,1,213.9136,262144,528192,0,104368,380,1225466.7,487897.9,108.54,11967.49,136268.80,1785.86,42223.62,101502624,0,0,0,0,0,0,528192,0,8468424,0,0,0,-,0,--V 1048576 --N 262144 --K 4 --init 4000000 --src rmat --pins .5 --pdel .5 --ro 0.9 --roscan 0.1 --blcoop 1,2026-09-28 16:35:29
rmat-readers90-K4-roCoop,2pl,2,214.4389,262144,686147,0,104370,378,1222464.7,486712.0,119.81,9960.45,119550.98,2102.27,57289.73,101502624,0,0,0,0,0,0,686147,0,8508081,0,0,0,-,0,--V 1048576 --N 262144 --K 4 --init 4000000 --src rmat --pins .5 --pdel .5 --ro 0.9 --roscan 0.1 --blcoop 1,2026-09-28 16:35:29
rmat-readers90-K4-roCoop,2pl,3,211.5482,262144,668274,0,104367,381,1239169.4,493348.7,140.29,12499.97,123698.18,2255.87,58011.65,101502624,0,0,0,0,0,0,668274,0,8972385,0,0,0,-,0,--V 1048576 --N 262144 --K 4 --init 4000000 --src rmat --pins .5 --pdel .5 --ro 0.9 --roscan 0.1 --blcoop 1,2026-09-28 16:35:29
rmat-readers90-K4-roCoop,2pl,4,216.9354,262144,704760,0,104369,379,1208396.5,481106.3,104.45,10596.35,128421.89,1920.00,69448.70,101502624,0,0,0,0,0,0,704760,0,8682167,0,0,0,-,0,--V 1048576 --N 262144 --K 4 --init 4000000 --src rmat --pins .5 --pdel .5 --ro 0.9 --roscan 0.1 --blcoop 1,2026-09-28 16:35:29
rmat-readers90-K4-roCoop,stm,0,405.9853,262144,138553,0,104379,369,645698.3,257100.4,808.96,2162.69,7840.77,4071.42,379139.07,101502624,0,0,0,0,0,0,5364,133189,5364,0,0,0,-,0,--V 1048576 --N 262144 --K 4 --init 4000000 --src rmat --pins .5 --pdel .5 --ro 0.9 --roscan 0.1 --blcoop 1,2026-09-28 16:35:33
rmat-readers90-K4-roCoop,stm,1,375.7506,262144,136741,0,104379,369,697654.2,277787.9,745.47,1957.89,6710.27,3744.77,353532.93,101502624,0,0,0,0,0,0,5161,131580,5161,0,0,0,-,0,--V 1048576 --N 262144 --K 4 --init 4000000 --src rmat --pins .5 --pdel .5 --ro 0.9 --roscan 0.1 --blcoop 1,2026-09-28 16:35:33
rmat-readers90-K4-roCoop,stm,2,347.8835,262144,138862,0,104379,369,753539.6,300040.1,687.10,1845.25,6760.45,3544.06,328273.92,101502624,0,0,0,0,0,0,5405,133457,5405,0,0,0,-,0,--V 1048576 --N 262144 --K 4 --init 4000000 --src rmat --pins .5 --pdel .5 --ro 0.9 --roscan 0.1 --blcoop 1,2026-09-28 16:35:33
rmat-readers90-K4-roCoop,stm,3,328.2371,262144,142192,0,104378,370,798642.3,317995.8,650.24,1858.56,6163.46,3310.59,308791.30,101502624,0,0,0,0,0,0,5760,136432,5760,0,0,0,-,0,--V 1048576 --N 262144 --K 4 --init 4000000 --src rmat --pins .5 --pdel .5 --ro 0.9 --roscan 0.1 --blcoop 1,2026-09-28 16:35:33
rmat-readers90-K4-roCoop,stm,4,311.8295,262144,141045,0,104378,370,840664.5,334727.8,613.38,1629.18,5279.74,3106.82,294754.30,101502624,0,0,0,0,0,0,5406,135639,5406,0,0,0,-,0,--V 1048576 --N 262144 --K 4 --init 4000000 --src rmat --pins .5 --pdel .5 --ro 0.9 --roscan 0.1 --blcoop 1,2026-09-28 16:35:33
rmat-readers90-K4-roCoop,stm-nodeg,0,286.2684,262144,61951,0,104380,368,915728.0,364622.8,395.26,855.04,1146.88,3271.68,265819.14,101502624,0,0,0,0,0,0,1,61950,1,0,0,0,-,0,--V 1048576 --N 262144 --K 4 --init 4000000 --src rmat --pins .5 --pdel .5 --ro 0.9 --roscan 0.1 --blcoop 1,2026-09-28 16:35:37
rmat-readers90-K4-roCoop,stm-nodeg,1,269.7595,262144,61465,0,104380,368,971769.3,386937.3,378.88,829.44,1121.28,3117.06,251206.66,101502624,0,0,0,0,0,0,1,61464,1,0,0,0,-,0,--V 1048576 --N 262144 --K 4 --init 4000000 --src rmat --pins .5 --pdel .5 --ro 0.9 --roscan 0.1 --blcoop 1,2026-09-28 16:35:37
rmat-readers90-K4-roCoop,stm-nodeg,2,256.3645,262144,61570,0,104380,368,1022543.9,407154.6,356.35,791.55,1060.86,2971.65,238261.25,101502624,0,0,0,0,0,0,0,61570,0,0,0,0,-,0,--V 1048576 --N 262144 --K 4 --init 4000000 --src rmat --pins .5 --pdel .5 --ro 0.9 --roscan 0.1 --blcoop 1,2026-09-28 16:35:37
rmat-readers90-K4-roCoop,stm-nodeg,3,255.6416,262144,61780,0,104380,368,1025435.6,408306.0,352.26,781.31,1051.65,2935.81,236432.38,101502624,0,0,0,0,0,0,0,61780,0,0,0,0,-,0,--V 1048576 --N 262144 --K 4 --init 4000000 --src rmat --pins .5 --pdel .5 --ro 0.9 --roscan 0.1 --blcoop 1,2026-09-28 16:35:37
rmat-readers90-K4-roCoop,stm-nodeg,4,237.6909,262144,61566,0,104380,368,1102877.8,439141.8,332.80,713.73,967.68,2727.94,219115.52,101502624,0,0,0,0,0,0,0,61566,0,0,0,0,-,0,--V 1048576 --N 262144 --K 4 --init 4000000 --src rmat --pins .5 --pdel .5 --ro 0.9 --roscan 0.1 --blcoop 1,2026-09-28 16:35:37
rmat-readers90-K4-roCoop,nontx,0,6.4420,262144,0,0,104378,370,40693052.5,16202771.9,27.65,59.39,79.87,284.67,1713.15,101502624,0,0,0,0,0,0,0,0,0,0,0,0,-,0,--V 1048576 --N 262144 --K 4 --init 4000000 --src rmat --pins .5 --pdel .5 --ro 0.9 --roscan 0.1 --blcoop 1,2026-09-28 16:35:39
rmat-readers90-K4-roCoop,nontx,1,6.0723,262144,0,0,104378,370,43170320.5,17189146.9,27.65,57.34,72.70,276.48,1511.42,101502624,0,0,0,0,0,0,0,0,0,0,0,0,-,0,--V 1048576 --N 262144 --K 4 --init 4000000 --src rmat --pins .5 --pdel .5 --ro 0.9 --roscan 0.1 --blcoop 1,2026-09-28 16:35:39
rmat-readers90-K4-roCoop,nontx,2,6.6621,262144,0,0,104378,370,39348292.8,15667328.3,27.65,59.39,79.87,287.74,1812.48,101502624,0,0,0,0,0,0,0,0,0,0,0,0,-,0,--V 1048576 --N 262144 --K 4 --init 4000000 --src rmat --pins .5 --pdel .5 --ro 0.9 --roscan 0.1 --blcoop 1,2026-09-28 16:35:39
rmat-readers90-K4-roCoop,nontx,3,6.6714,262144,0,0,104378,370,39293937.0,15645685.4,27.65,58.37,83.97,287.74,1827.84,101502624,0,0,0,0,0,0,0,0,0,0,0,0,-,0,--V 1048576 --N 262144 --K 4 --init 4000000 --src rmat --pins .5 --pdel .5 --ro 0.9 --roscan 0.1 --blcoop 1,2026-09-28 16:35:39
rmat-readers90-K4-roCoop,nontx,4,6.5925,262144,0,0,104378,370,39763901.0,15832811.2,27.65,57.34,79.87,287.74,1711.10,101502624,0,0,0,0,0,0,0,0,0,0,0,0,-,0,--V 1048576 --N 262144 --K 4 --init 4000000 --src rmat --pins .5 --pdel .5 --ro 0.9 --roscan 0.1 --blcoop 1,2026-09-28 16:35:39
uniform-churn-K1,gtx,0,6.7604,1048576,1716,0,1018192,30384,155104514.3,150610137.5,88.06,111.62,635.90,0.00,0.00,569468576,802,914,0,0,0,0,0,0,451,71341,1121787,536,-,0,--V 1048576 --N 1048576 --K 1 --init 4000000 --pins .5 --pdel .5,2026-09-28 16:35:42
uniform-churn-K1,gtx,1,6.1891,1048576,1718,0,1018187,30389,169424224.6,164514105.7,88.06,108.54,123.90,0.00,0.00,569475600,800,918,0,0,0,0,0,0,452,71344,1121789,531,-,0,--V 1048576 --N 1048576 --K 1 --init 4000000 --pins .5 --pdel .5,2026-09-28 16:35:42
uniform-churn-K1,gtx,2,6.7553,1048576,1727,0,1018191,30385,155222066.5,150724135.5,88.06,111.62,632.83,0.00,0.00,569494360,788,939,0,0,0,0,0,0,445,71352,1121799,534,-,0,--V 1048576 --N 1048576 --K 1 --init 4000000 --pins .5 --pdel .5,2026-09-28 16:35:42
uniform-churn-K1,gtx,3,6.1891,1048576,1729,0,1018191,30385,169424224.6,164514752.0,88.06,108.54,123.90,0.00,0.00,569473352,795,934,0,0,0,0,0,0,457,71343,1121803,531,-,0,--V 1048576 --N 1048576 --K 1 --init 4000000 --pins .5 --pdel .5,2026-09-28 16:35:42
uniform-churn-K1,gtx,4,6.5403,1048576,1740,0,1018194,30382,160325662.2,155680301.0,88.06,108.54,123.90,0.00,0.00,569471104,785,955,0,0,0,0,0,0,441,71342,1121815,538,-,0,--V 1048576 --N 1048576 --K 1 --init 4000000 --pins .5 --pdel .5,2026-09-28 16:35:42
uniform-churn-K1,gtx-cons,0,6.6191,1048576,3128,0,1018189,30387,158415845.0,153825064.5,88.06,112.64,466.94,0.00,0.00,572849248,774,943,1411,0,0,0,0,0,466,71972,1123844,533,-,0,--V 1048576 --N 1048576 --K 1 --init 4000000 --pins .5 --pdel .5,2026-09-28 16:35:45
uniform-churn-K1,gtx-cons,1,6.7901,1048576,3127,0,1018174,30402,154426180.8,149948808.9,88.06,112.64,634.88,0.00,0.00,572790680,769,938,1420,0,0,0,0,0,463,71952,1123828,530,-,0,--V 1048576 --N 1048576 --K 1 --init 4000000 --pins .5 --pdel .5,2026-09-28 16:35:45
uniform-churn-K1,gtx-cons,2,6.2013,1048576,3143,0,1018183,30393,169088506.9,164187472.6,88.06,109.57,126.98,0.00,0.00,572814280,786,939,1418,0,0,0,0,0,463,71972,1123864,529,-,0,--V 1048576 --N 1048576 --K 1 --init 4000000 --pins .5 --pdel .5,2026-09-28 16:35:45
uniform-churn-K1,gtx-cons,3,6.7963,1048576,3159,0,1018194,30382,154286575.0,149816193.5,88.06,112.64,634.88,0.00,0.00,572816536,796,933,1430,0,0,0,0,0,450,71952,1123869,528,-,0,--V 1048576 --N 1048576 --K 1 --init 4000000 --pins .5 --pdel .5,2026-09-28 16:35:45
uniform-churn-K1,gtx-cons,4,6.2249,1048576,3140,0,1018190,30386,168448759.3,163567392.5,88.06,109.57,126.98,0.00,0.00,572825896,787,931,1422,0,0,0,0,0,477,71967,1123856,533,-,0,--V 1048576 --N 1048576 --K 1 --init 4000000 --pins .5 --pdel .5,2026-09-28 16:35:45
uniform-churn-K1,2pl,0,3.4335,1048576,0,0,1018271,30305,305398158.2,296571815.4,47.10,106.50,439.30,0.00,0.00,79571936,0,0,0,0,0,0,0,0,25278,0,0,0,-,0,--V 1048576 --N 1048576 --K 1 --init 4000000 --pins .5 --pdel .5,2026-09-28 16:35:47
uniform-churn-K1,2pl,1,3.0044,1048576,0,0,1018269,30307,349011589.6,338924105.0,46.08,98.30,129.02,0.00,0.00,79571936,0,0,0,0,0,0,0,0,25521,0,0,0,-,0,--V 1048576 --N 1048576 --K 1 --init 4000000 --pins .5 --pdel .5,2026-09-28 16:35:47
uniform-churn-K1,2pl,2,3.6250,1048576,0,0,1018282,30294,289265541.1,280908483.2,47.10,107.52,619.52,0.00,0.00,79571936,0,0,0,0,0,0,0,0,25221,0,0,0,-,0,--V 1048576 --N 1048576 --K 1 --init 4000000 --pins .5 --pdel .5,2026-09-28 16:35:47
uniform-churn-K1,2pl,3,3.4447,1048576,0,0,1018273,30303,304399524.0,295602623.5,47.10,107.52,442.37,0.00,0.00,79571936,0,0,0,0,0,0,0,0,25279,0,0,0,-,0,--V 1048576 --N 1048576 --K 1 --init 4000000 --pins .5 --pdel .5,2026-09-28 16:35:47
uniform-churn-K1,2pl,4,3.0065,1048576,0,0,1018260,30316,348773841.4,338690234.9,46.08,99.33,129.02,0.00,0.00,79571936,0,0,0,0,0,0,0,0,25318,0,0,0,-,0,--V 1048576 --N 1048576 --K 1 --init 4000000 --pins .5 --pdel .5,2026-09-28 16:35:47
uniform-churn-K1,stm,0,6.2392,1048576,30163,0,1017955,30621,168061708.5,163153892.9,98.30,231.42,357.38,0.00,0.00,79571936,0,0,0,0,0,0,2,30161,2,0,0,0,-,0,--V 1048576 --N 1048576 --K 1 --init 4000000 --pins .5 --pdel .5,2026-09-28 16:35:49
uniform-churn-K1,stm,1,6.6345,1048576,30184,0,1017951,30625,158049076.6,153433051.7,99.33,266.24,518.14,0.00,0.00,79571936,0,0,0,0,0,0,2,30182,2,0,0,0,-,0,--V 1048576 --N 1048576 --K 1 --init 4000000 --pins .5 --pdel .5,2026-09-28 16:35:49
uniform-churn-K1,stm,2,6.6529,1048576,30158,0,1017957,30619,157611208.1,153008873.5,99.33,266.24,521.22,0.00,0.00,79571936,0,0,0,0,0,0,5,30153,5,0,0,0,-,0,--V 1048576 --N 1048576 --K 1 --init 4000000 --pins .5 --pdel .5,2026-09-28 16:35:49
uniform-churn-K1,stm,3,6.8424,1048576,30183,0,1017964,30612,153247527.9,148773638.2,99.33,266.24,694.27,0.00,0.00,79571936,0,0,0,0,0,0,0,30183,0,0,0,0,-,0,--V 1048576 --N 1048576 --K 1 --init 4000000 --pins .5 --pdel .5,2026-09-28 16:35:49
uniform-churn-K1,stm,4,6.2403,1048576,30237,0,1017960,30616,168034136.4,163127927.3,98.30,231.42,356.35,0.00,0.00,79571936,0,0,0,0,0,0,4,30233,4,0,0,0,-,0,--V 1048576 --N 1048576 --K 1 --init 4000000 --pins .5 --pdel .5,2026-09-28 16:35:49
uniform-churn-K1,stm-nodeg,0,4.5875,1048576,6902,0,1018053,30523,228571422.5,221917936.7,62.46,161.79,650.24,0.00,0.00,79571936,0,0,0,0,0,0,0,6902,0,0,0,0,-,0,--V 1048576 --N 1048576 --K 1 --init 4000000 --pins .5 --pdel .5,2026-09-28 16:35:51
uniform-churn-K1,stm-nodeg,1,3.9926,1048576,6978,0,1018039,30537,262631451.6,254983005.9,61.44,139.26,214.02,0.00,0.00,79571936,0,0,0,0,0,0,1,6977,1,0,0,0,-,0,--V 1048576 --N 1048576 --K 1 --init 4000000 --pins .5 --pdel .5,2026-09-28 16:35:51
uniform-churn-K1,stm-nodeg,2,4.5722,1048576,7049,0,1018039,30537,229339317.4,222660416.9,62.46,161.79,631.81,0.00,0.00,79571936,0,0,0,0,0,0,1,7048,1,0,0,0,-,0,--V 1048576 --N 1048576 --K 1 --init 4000000 --pins .5 --pdel .5,2026-09-28 16:35:51
uniform-churn-K1,stm-nodeg,3,3.9946,1048576,7007,0,1018051,30525,262496802.3,254855281.9,62.46,139.26,214.02,0.00,0.00,79571936,0,0,0,0,0,0,2,7005,2,0,0,0,-,0,--V 1048576 --N 1048576 --K 1 --init 4000000 --pins .5 --pdel .5,2026-09-28 16:35:51
uniform-churn-K1,stm-nodeg,4,3.9782,1048576,6916,0,1018014,30562,263577862.7,255895571.1,61.44,139.26,212.99,0.00,0.00,79571936,0,0,0,0,0,0,0,6916,0,0,0,0,-,0,--V 1048576 --N 1048576 --K 1 --init 4000000 --pins .5 --pdel .5,2026-09-28 16:35:51
uniform-churn-K1,nontx,0,2.4197,1048576,0,0,1018047,30529,433347427.8,420730637.3,34.82,70.66,94.21,0.00,0.00,79571936,0,0,0,0,0,0,0,0,0,0,0,0,-,0,--V 1048576 --N 1048576 --K 1 --init 4000000 --pins .5 --pdel .5,2026-09-28 16:35:53
uniform-churn-K1,nontx,1,2.4320,1048576,0,0,1018065,30511,431157908.6,418612266.8,35.84,70.66,94.21,0.00,0.00,79571936,0,0,0,0,0,0,0,0,0,0,0,0,-,0,--V 1048576 --N 1048576 --K 1 --init 4000000 --pins .5 --pdel .5,2026-09-28 16:35:53
uniform-churn-K1,nontx,2,2.4248,1048576,0,0,1018044,30532,432432413.6,419841026.4,34.82,70.66,94.21,0.00,0.00,79571936,0,0,0,0,0,0,0,0,0,0,0,0,-,0,--V 1048576 --N 1048576 --K 1 --init 4000000 --pins .5 --pdel .5,2026-09-28 16:35:53
uniform-churn-K1,nontx,3,2.8508,1048576,0,0,1018041,30535,367816090.5,357105122.2,35.84,75.78,436.22,0.00,0.00,79571936,0,0,0,0,0,0,0,0,0,0,0,0,-,0,--V 1048576 --N 1048576 --K 1 --init 4000000 --pins .5 --pdel .5,2026-09-28 16:35:53
uniform-churn-K1,nontx,4,2.4197,1048576,0,0,1018058,30518,433347427.8,420735183.3,34.82,70.66,94.21,0.00,0.00,79571936,0,0,0,0,0,0,0,0,0,0,0,0,-,0,--V 1048576 --N 1048576 --K 1 --init 4000000 --pins .5 --pdel .5,2026-09-28 16:35:53
rmat-churn-K1,gtx,0,7.2479,1048576,1514,0,1017525,31051,144673639.1,140389485.0,95.23,120.83,640.00,0.00,0.00,750920416,865,649,0,0,0,0,0,0,723,33019,1081503,931,-,0,--V 1048576 --N 1048576 --K 1 --init 4000000 --src rmat --pins .5 --pdel .5,2026-09-28 16:35:56
rmat-churn-K1,gtx,1,6.6908,1048576,1531,0,1017521,31055,156718703.9,152077267.0,94.21,118.78,131.07,0.00,0.00,750904424,861,670,0,0,0,0,0,0,730,33019,1081517,923,-,0,--V 1048576 --N 1048576 --K 1 --init 4000000 --src rmat --pins .5 --pdel .5,2026-09-28 16:35:56
rmat-churn-K1,gtx,2,7.0676,1048576,1524,0,1017516,31060,148362794.8,143968122.0,95.23,121.86,458.75,0.00,0.00,750925168,877,647,0,0,0,0,0,0,717,33021,1081549,930,-,0,--V 1048576 --N 1048576 --K 1 --init 4000000 --src rmat --pins .5 --pdel .5,2026-09-28 16:35:56
rmat-churn-K1,gtx,3,7.0984,1048576,1505,0,1017514,31062,147720712.0,143344776.7,94.21,121.86,468.99,0.00,0.00,750899544,877,628,0,0,0,0,0,0,703,33017,1081480,930,-,0,--V 1048576 --N 1048576 --K 1 --init 4000000 --src rmat --pins .5 --pdel .5,2026-09-28 16:35:56
rmat-churn-K1,gtx,4,7.0748,1048576,1512,0,1017525,31051,148212471.7,143823523.8,95.23,121.86,459.78,0.00,0.00,750885808,870,642,0,0,0,0,0,0,720,33018,1081489,927,-,0,--V 1048576 --N 1048576 --K 1 --init 4000000 --src rmat --pins .5 --pdel .5,2026-09-28 16:35:56
rmat-churn-K1,gtx-cons,0,7.0318,1048576,3108,0,1017522,31054,149118976.9,144702758.5,94.21,120.83,460.80,0.00,0.00,756089952,874,646,1588,0,0,0,0,0,708,33255,1085226,899,-,0,--V 1048576 --N 1048576 --K 1 --init 4000000 --src rmat --pins .5 --pdel .5,2026-09-28 16:35:59
rmat-churn-K1,gtx-cons,1,7.0441,1048576,3081,0,1017512,31064,148858845.9,144448911.7,94.21,120.83,460.80,0.00,0.00,756232312,841,652,1588,0,0,0,0,0,732,33262,1085203,917,-,0,--V 1048576 --N 1048576 --K 1 --init 4000000 --src rmat --pins .5 --pdel .5,2026-09-28 16:35:59
rmat-churn-K1,gtx-cons,2,7.0410,1048576,3118,0,1017516,31060,148923788.5,144512498.5,94.21,120.83,467.97,0.00,0.00,756293408,859,661,1598,0,0,0,0,0,732,33260,1085258,898,-,0,--V 1048576 --N 1048576 --K 1 --init 4000000 --src rmat --pins .5 --pdel .5,2026-09-28 16:35:59
rmat-churn-K1,gtx-cons,3,7.0482,1048576,3139,0,1017512,31064,148772337.1,144364965.7,94.21,120.83,459.78,0.00,0.00,756087512,841,689,1609,0,0,0,0,0,719,33251,1085268,908,-,0,--V 1048576 --N 1048576 --K 1 --init 4000000 --src rmat --pins .5 --pdel .5,2026-09-28 16:35:59
rmat-churn-K1,gtx-cons,4,7.5909,1048576,3115,0,1017516,31060,138135710.0,134043975.0,94.21,124.93,637.95,0.00,0.00,756179656,856,665,1594,0,0,0,0,0,725,33259,1085258,900,-,0,--V 1048576 --N 1048576 --K 1 --init 4000000 --src rmat --pins .5 --pdel .5,2026-09-28 16:35:59
rmat-churn-K1,2pl,0,71.2274,1048576,0,0,1017377,31199,14721526.9,14283507.2,52.22,1468.42,39066.62,0.00,0.00,105493440,0,0,0,0,0,0,0,0,89866699,0,0,0,-,0,--V 1048576 --N 1048576 --K 1 --init 4000000 --src rmat --pins .5 --pdel .5,2026-09-28 16:36:02
rmat-churn-K1,2pl,1,71.6309,1048576,0,0,1017420,31156,14638608.6,14203656.3,52.22,1562.62,39503.87,0.00,0.00,105493440,0,0,0,0,0,0,0,0,89829181,0,0,0,-,0,--V 1048576 --N 1048576 --K 1 --init 4000000 --src rmat --pins .5 --pdel .5,2026-09-28 16:36:02
rmat-churn-K1,2pl,2,71.4435,1048576,0,0,1017345,31231,14677005.0,14239862.1,52.22,1445.89,39151.62,0.00,0.00,105493440,0,0,0,0,0,0,0,0,89762899,0,0,0,-,0,--V 1048576 --N 1048576 --K 1 --init 4000000 --src rmat --pins .5 --pdel .5,2026-09-28 16:36:02
rmat-churn-K1,2pl,3,71.6646,1048576,0,0,1017425,31151,14631706.3,14197028.9,52.22,1429.50,39610.37,0.00,0.00,105493440,0,0,0,0,0,0,0,0,90353587,0,0,0,-,0,--V 1048576 --N 1048576 --K 1 --init 4000000 --src rmat --pins .5 --pdel .5,2026-09-28 16:36:02
rmat-churn-K1,2pl,4,71.4230,1048576,0,0,1017383,31193,14681214.6,14244478.3,52.22,1471.49,39238.66,0.00,0.00,105493440,0,0,0,0,0,0,0,0,89763947,0,0,0,-,0,--V 1048576 --N 1048576 --K 1 --init 4000000 --src rmat --pins .5 --pdel .5,2026-09-28 16:36:02
rmat-churn-K1,stm,0,271.2166,1039717,87898014,8859,1008150,31567,3833529.5,3717139.1,190.46,7157.76,100972.54,0.00,0.00,105493440,0,0,0,0,0,0,1529805,86368209,1529805,0,0,0,-,0,--V 1048576 --N 1048576 --K 1 --init 4000000 --src rmat --pins .5 --pdel .5,2026-09-28 16:36:06
rmat-churn-K1,stm,1,282.4284,1039475,88255625,9101,1007870,31605,3680490.3,3568585.8,193.54,7033.86,105581.57,0.00,0.00,105493440,0,0,0,0,0,0,1528180,86727445,1528180,0,0,0,-,0,--V 1048576 --N 1048576 --K 1 --init 4000000 --src rmat --pins .5 --pdel .5,2026-09-28 16:36:06
rmat-churn-K1,stm,2,282.9322,1039500,88520332,9076,1007930,31570,3674024.8,3562443.3,191.49,7029.76,104690.69,0.00,0.00,105493440,0,0,0,0,0,0,1529531,86990801,1529531,0,0,0,-,0,--V 1048576 --N 1048576 --K 1 --init 4000000 --src rmat --pins .5 --pdel .5,2026-09-28 16:36:06
rmat-churn-K1,stm,3,291.2369,1039428,88576671,9148,1007814,31614,3569012.3,3460461.5,203.78,7533.57,107084.80,0.00,0.00,105493440,0,0,0,0,0,0,1543440,87033231,1543440,0,0,0,-,0,--V 1048576 --N 1048576 --K 1 --init 4000000 --src rmat --pins .5 --pdel .5,2026-09-28 16:36:06
rmat-churn-K1,stm,4,287.2883,1039551,88234052,9025,1008025,31526,3618493.7,3508757.2,202.75,7529.47,106276.86,0.00,0.00,105493440,0,0,0,0,0,0,1534564,86699488,1534564,0,0,0,-,0,--V 1048576 --N 1048576 --K 1 --init 4000000 --src rmat --pins .5 --pdel .5,2026-09-28 16:36:06
rmat-churn-K1,stm-nodeg,0,4.9019,1048576,9553,0,1017519,31057,213912684.8,207576962.6,63.49,188.42,647.17,0.00,0.00,105493440,0,0,0,0,0,0,5,9548,5,0,0,0,-,0,--V 1048576 --N 1048576 --K 1 --init 4000000 --src rmat --pins .5 --pdel .5,2026-09-28 16:36:08
rmat-churn-K1,stm-nodeg,1,4.3100,1048576,9602,0,1017573,31003,243288183.2,236094938.7,63.49,163.84,267.26,0.00,0.00,105493440,0,0,0,0,0,0,1,9601,1,0,0,0,-,0,--V 1048576 --N 1048576 --K 1 --init 4000000 --src rmat --pins .5 --pdel .5,2026-09-28 16:36:08
rmat-churn-K1,stm-nodeg,2,4.3172,1048576,9550,0,1017577,30999,242884252.1,235703877.1,63.49,164.86,268.29,0.00,0.00,105493440,0,0,0,0,0,0,0,9550,0,0,0,0,-,0,--V 1048576 --N 1048576 --K 1 --init 4000000 --src rmat --pins .5 --pdel .5,2026-09-28 16:36:08
rmat-churn-K1,stm-nodeg,3,4.8988,1048576,9668,0,1017561,31015,214046818.0,207715696.5,63.49,189.44,641.02,0.00,0.00,105493440,0,0,0,0,0,0,2,9666,2,0,0,0,-,0,--V 1048576 --N 1048576 --K 1 --init 4000000 --src rmat --pins .5 --pdel .5,2026-09-28 16:36:08
rmat-churn-K1,stm-nodeg,4,5.2183,1048576,9545,0,1017554,31022,200941909.2,194997066.0,63.49,187.39,643.07,0.00,0.00,105493440,0,0,0,0,0,0,1,9544,1,0,0,0,-,0,--V 1048576 --N 1048576 --K 1 --init 4000000 --src rmat --pins .5 --pdel .5,2026-09-28 16:36:08
rmat-churn-K1,nontx,0,2.0480,1048576,0,0,1017606,30970,511999975.7,496877906.1,29.70,61.44,97.28,0.00,0.00,105493440,0,0,0,0,0,0,0,0,0,0,0,0,-,0,--V 1048576 --N 1048576 --K 1 --init 4000000 --src rmat --pins .5 --pdel .5,2026-09-28 16:36:11
rmat-churn-K1,nontx,1,2.0398,1048576,0,0,1017598,30978,514056216.1,498869492.9,29.70,61.44,96.26,0.00,0.00,105493440,0,0,0,0,0,0,0,0,0,0,0,0,-,0,--V 1048576 --N 1048576 --K 1 --init 4000000 --src rmat --pins .5 --pdel .5,2026-09-28 16:36:11
rmat-churn-K1,nontx,2,2.0449,1048576,0,0,1017610,30966,512769135.2,497626304.3,29.70,61.44,97.28,0.00,0.00,105493440,0,0,0,0,0,0,0,0,0,0,0,0,-,0,--V 1048576 --N 1048576 --K 1 --init 4000000 --src rmat --pins .5 --pdel .5,2026-09-28 16:36:11
rmat-churn-K1,nontx,3,2.0378,1048576,0,0,1017604,30972,514572859.4,499373817.5,29.70,61.44,96.26,0.00,0.00,105493440,0,0,0,0,0,0,0,0,0,0,0,0,-,0,--V 1048576 --N 1048576 --K 1 --init 4000000 --src rmat --pins .5 --pdel .5,2026-09-28 16:36:11
rmat-churn-K1,nontx,4,2.0408,1048576,0,0,1017612,30964,513798283.3,498626040.1,29.70,61.44,97.28,0.00,0.00,105493440,0,0,0,0,0,0,0,0,0,0,0,0,-,0,--V 1048576 --N 1048576 --K 1 --init 4000000 --src rmat --pins .5 --pdel .5,2026-09-28 16:36:11
